2.93310745,0.206978144
2.280638632,0.758464657
5.541137162,-0.675798987
3.254563905,-0.112731106
4.368351737,-0.941400618
2.833893618,0.302866545
0.888775378,0.776300373
4.38706604,-0.947547559
3.005322897,0.135848406
3.476327363,-0.328518615
1.377965265,0.981465629
5.237476113,-0.865280266
3.527692578,-0.376578318
0.034765084,0.034758082
0.706302889,0.649025574
1.116518038,0.898577959
4.093091432,-0.814286405
5.306401241,-0.828701731
1.962959363,0.924084536
4.169726046,-0.856336531
6.142520071,-0.140201811
4.647259211,-0.997879806
2.170362007,0.825580772
1.437100586,0.991076029
6.189534092,-0.09351438
5.83808937,-0.430544472
4.182913084,-0.863071904
3.502945574,-0.353540104
2.923873561,0.216003125
4.218123892,-0.880317579
5.469293568,-0.72696503
0.783091223,0.705473648
4.683664272,-0.999587474
5.781748674,-0.480685807
3.999924776,-0.756753323
6.060573754,-0.220777484
5.470784978,-0.72594011
1.069954614,0.877178712
1.221664243,0.939669966
5.790684299,-0.472831136
2.88217284,0.256519822
3.220070957,-0.078397773
0.93153398,0.802536063
6.190583305,-0.092469714
0.297391264,0.293026983
1.130383025,0.904575544
5.829091706,-0.43864795
2.572853454,0.538570151
2.574368974,0.537292585
1.172995662,0.921915227
1.166283486,0.919294238
3.138509984,0.003082665
0.670165058,0.621115355
2.941967993,0.198301459
5.516273937,-0.693914561
2.00626856,0.906670937
4.071809343,-0.801749466
1.754036774,0.983258393
0.521806934,0.498447418
4.85615071,-0.989684068
4.460148512,-0.968355689
0.968502561,0.824038287
0.507524087,0.486014914
2.692868602,0.433816257
3.758386728,-0.578422946
4.782576866,-0.997537841
0.418887081,0.406744007
6.157358739,-0.12549481
2.798032295,0.336841516
4.744301729,-0.999490831
0.920236329,0.79574477
5.568269182,-0.655554081
1.692736148,0.992574548
1.275762464,0.956792296
5.417359417,-0.76163071
2.332921005,0.72337064
1.546346889,0.999701127
5.291835559,-0.83676581
3.693727121,-0.524505723
1.624960483,0.998533481
3.737727385,-0.56144812
5.240846638,-0.863585749
4.960375742,-0.969408541
2.276102131,0.761413344
2.134783542,0.845130428
1.111387017,0.896314577
3.672183744,-0.50604325
3.685982638,-0.517896353
2.97329537,0.167503934
6.2182663,-0.064873417
0.896923597,0.781410883
5.007928515,-0.956645139
0.361238106,0.353432702
4.467792067,-0.970235017
5.644784752,-0.595911771
4.975952795,-0.965467656
3.168427646,-0.026831772
5.252256463,-0.857776806
2.152178019,0.835704651
4.650612942,-0.998092467
3.786477633,-0.601106522
0.801518787,0.718413412
5.149428095,-0.906008853
0.847666039,0.749737985
6.014092982,-0.265856537
5.4385483,-0.747730133
4.15329761,-0.847737413
1.693912317,0.992430795
2.446745834,0.640267781
1.399000143,0.985279295
3.632840235,-0.471726304
1.893671664,0.94832701
4.639580822,-0.997350657
4.515223343,-0.980625741
4.373434102,-0.943102685
3.608519275,-0.450144024
3.518192844,-0.367761049
0.629428251,0.588682672
4.4441117,-0.96422897
0.560378831,0.531507126
0.504365383,0.483251943
2.249797449,0.778200418
3.921970684,-0.703548116
2.90319132,0.236149478
2.232009698,0.789247712
3.787571744,-0.601980541
0.699906889,0.644146469
6.273681838,-0.009503327
3.013243508,0.127997043
5.121293139,-0.917557085
3.122300738,0.019290719
0.532422711,0.507622188
1.265929542,0.953886948
5.908912361,-0.365595903
4.14930558,-0.845613226
0.704592841,0.647723679
2.270069,0.765310542
0.970876205,0.825380715
3.196485893,-0.054865675
6.057470863,-0.223802741
4.582755822,-0.991609382
4.302577448,-0.917195932
4.509318375,-0.979451923
5.862404328,-0.408473432
2.296350812,0.748131608
5.344348153,-0.806871722
4.377958892,-0.944597526
4.477298708,-0.972493318
5.970350344,-0.307757238
2.049845044,0.887433804
2.59624076,0.518718973
1.998720353,0.909829203
3.566100965,-0.411872785
5.32913169,-0.815766736
2.904916334,0.234472903
5.540375039,-0.676360541
3.739940909,-0.563278461
2.62909655,0.490354184
1.34609998,0.974861809
6.179691023,-0.103309628
2.762085114,0.370463094
4.281312765,-0.908516581
4.479155025,-0.972924036
3.078125236,0.063424817
6.015487794,-0.264511662
1.857356451,0.959221844
3.309964825,-0.167577763
2.313777013,0.736455441
3.70857406,-0.537088237
4.96627282,-0.967944239
3.500728513,-0.351465355
3.572586794,-0.417774236
3.137586384,0.004006259
1.24759983,0.948225059
1.819125149,0.969324524
0.451830817,0.436613358
1.541203185,0.999562155
4.388983864,-0.948158781
6.173546264,-0.109419519
0.226561739,0.224628463
5.901717878,-0.372282819
3.554668675,-0.401428521
3.30968308,-0.167299995
2.682295586,0.443318133
1.918809777,0.940052043
4.681683097,-0.999528611
0.684055096,0.631940977
5.824841242,-0.442463695
2.528126632,0.575704931
3.552670819,-0.399597904
3.111863836,0.029724439
0.421057388,0.408725714
0.827052787,0.735939166
5.931887329,-0.344116803
0.916418177,0.793426581
5.700037611,-0.550654148
4.507748169,-0.97913404
0.511966663,0.489892696
1.113286838,0.897155375
0.080908777,0.080820531
0.503351959,0.482364461
6.067816012,-0.213708207
3.083385162,0.058174629
5.822811738,-0.444282814
4.28530712,-0.910178365
5.226101661,-0.870926051
2.104251936,0.861054997
0.502666366,0.481763788
2.542870933,0.563587003
0.471214761,0.453968993
3.778212834,-0.594481096
0.789975421,0.710335972
0.945599233,0.810847785
5.763713561,-0.496421639
0.87104247,0.765000734
2.847692851,0.289687003
5.119435313,-0.91829418
4.528193219,-0.98308387
4.01576804,-0.767014666
2.831050469,0.305574932
2.485354823,0.610140435
4.983955615,-0.963351843
1.648641365,0.996971605
1.921755497,0.939043383
3.351285792,-0.20815977
2.239558865,0.784589512
5.624775242,-0.611860041
2.800364164,0.334645004
1.068491081,0.876475037
3.081620313,0.059936397
5.261143987,-0.853174603
5.89210354,-0.381188729
0.976387445,0.828479681
5.094689339,-0.927808929
0.297003799,0.292656505
2.396560759,0.677995256
2.701184903,0.426308343
4.535321318,-0.984364437
0.74468676,0.677741518
0.259771278,0.256859511
2.56296453,0.546875898
2.029782186,0.896502263
6.05945102,-0.221872375
5.382797829,-0.783567711
2.544884968,0.561922153
1.072483544,0.878390207
5.867105929,-0.404177452
2.39933854,0.675950789
4.977563965,-0.965046656
3.785566477,-0.600378105
2.427065651,0.655260187
2.712755139,0.415813861
5.021342582,-0.952652261
5.359843292,-0.797621833
4.029977962,-0.776054428
0.676329505,0.625934718
1.199205505,0.9317509
3.459902129,-0.312961406
2.975454702,0.165374721
3.052819049,0.08865705
5.625891062,-0.610977085
4.102117763,-0.819492616
5.551904488,-0.667823522
2.350031923,0.71145092
4.935110105,-0.975300007
0.399521463,0.388977536
4.681546002,-0.999524393
0.085784914,0.085679736
1.505205465,0.997849691
0.062420468,0.062379941
4.756635724,-0.999021273
5.726600775,-0.528289332
2.540437648,0.565595364
1.932633955,0.935247895
0.685523185,0.633078089
3.758093462,-0.578183692
5.921287459,-0.354049788
6.102028178,-0.180167887
4.646508826,-0.997830687
1.402982785,0.985952321
4.303372223,-0.917512309
5.709156066,-0.543019881
2.476020304,0.617509423
5.634427742,-0.604196856
1.885584134,0.950862098
4.195161376,-0.869193391
0.163139025,0.162416348
0.71961318,0.659093809
5.832922092,-0.43520253
4.546937231,-0.986344054
1.328410448,0.970768081
0.806462608,0.721843622
2.893894172,0.245173336
5.284373643,-0.84082833
5.259610861,-0.853973318
1.684628108,0.993528156
5.42732127,-0.755137631
2.455579484,0.633457304
0.379495548,0.370451956
1.987488555,0.914432721
0.022895979,0.022893979
1.821909561,0.968636403
1.184905958,0.926463679
1.285502631,0.959579036
5.60844406,-0.624695286
4.951266694,-0.971604134
1.584260063,0.999909365
2.009751949,0.905196012
5.497756264,-0.707128616
0.326953802,0.321159697
3.762264362,-0.581581718
1.416879039,0.988178101
5.951962584,-0.325199533
4.40943701,-0.954459961
0.982925961,0.832123639
4.107422286,-0.82252104
2.743525308,0.387637524
5.175394927,-0.894713967
5.654673469,-0.587941631
4.250939219,-0.895407937
3.586730541,-0.430582335
5.48315821,-0.71737497
0.683106251,0.631205323
5.411147307,-0.765641506
2.880532679,0.258104756
3.847872091,-0.649007733
3.52447165,-0.373592551
6.27003729,-0.013147638
5.151696268,-0.9050465
3.417106863,-0.272041789
5.471060963,-0.725750271
5.547411041,-0.671161329
5.945232345,-0.33155654
2.901839711,0.237462643
1.487628568,0.996543555
2.689000883,0.437297823
0.785145572,0.706928149
3.529534813,-0.378284296
2.528831718,0.57512827
5.344108853,-0.80701306
3.910241353,-0.69516449
1.35064671,0.975864788
0.821167568,0.731941871
5.574526198,-0.650816305
1.928821522,0.936590671
1.246438331,0.947855529
2.459837482,0.630156828
5.583081712,-0.644296918
2.456782092,0.632526296
2.699510206,0.427822638
4.869408625,-0.987697723
1.292818568,0.96161233
3.642024826,-0.47980476
5.78511088,-0.477734802
1.202039951,0.932776338
1.519438837,0.998681494
5.504981518,-0.702001335
3.839396744,-0.642536611
3.576865457,-0.421657783
1.722528464,0.988510747
1.455633769,0.993376118
1.217535121,0.938249459
2.62863334,0.49075783
6.125127878,-0.157400149
3.594204746,-0.437316099
3.479419207,-0.33143728
0.700071191,0.644272136
3.105929242,0.035655852
1.832576144,0.965930891
1.29309794,0.961688956
2.817040988,0.318883889
1.025641032,0.855046773
4.651432503,-0.998142729
0.427348634,0.414459339
2.851001521,0.286518624
5.869842873,-0.401672512
3.187870038,-0.046260868
0.739809436,0.674147174
0.884830264,0.773807484
0.554999494,0.52694287
5.729029134,-0.526225944
0.68532518,0.632924804
5.743993945,-0.513442248
4.439044605,-0.962873458
0.179846132,0.178878189
0.529324902,0.504950747
4.039348456,-0.781929922
4.780477664,-0.997682861
6.161590991,-0.121294905
4.906605072,-0.981199263
4.138544948,-0.839820397
5.753973638,-0.504853007
3.273879908,-0.131901756
5.986159765,-0.292677295
5.647266626,-0.593916868
5.48154729,-0.718496346
0.925879339,0.799149671
5.032084529,-0.949331144
5.404620442,-0.769823688
1.446564142,0.992293102
1.426087665,0.98954796
0.758942464,0.68815452
2.259163322,0.772284455
2.18391336,0.817858392
1.642114156,0.997457961
4.186816966,-0.865037099
5.983714298,-0.295014801
1.263938908,0.953287537
4.175801812,-0.859458343
0.919742826,0.795445792
1.532886178,0.999281496
4.042138645,-0.783666187
2.864804721,0.273267253
1.838675009,0.96433455
4.375517771,-0.943793461
0.082489879,0.082396359
0.795351571,0.714109761
1.708209479,0.990573659
4.054316342,-0.791172461
3.267511106,-0.125585967
2.976736405,0.164110531
3.156698733,-0.015105504
0.340653326,0.334102947
4.601059822,-0.993809307
5.903530964,-0.370599448
3.322627741,-0.180047841
3.805609637,-0.616285282
2.437010188,0.647715774
3.214498272,-0.072841051
2.089702358,0.868362232
4.397944302,-0.95096828
5.442858874,-0.744860962
4.693186045,-0.999815629
4.494624806,-0.976382933
1.324826047,0.969901521
3.429560962,-0.28400478
3.085223304,0.056339502
3.963955666,-0.732755884
4.09797387,-0.817110764
1.89440709,0.948093407
3.526170335,-0.375167699
4.335606702,-0.929853345
3.331323385,-0.188594465
0.95043072,0.813665972
0.195944073,0.194692629
1.086426155,0.884968405
4.714019479,-0.999998671
3.909939189,-0.694947247
3.62708776,-0.46664631
5.805415487,-0.459799871
0.250238526,0.247635063
0.19605488,0.194801315
4.348471055,-0.93450946
1.525168638,0.998959238
4.983661853,-0.963430601
5.607837102,-0.625169125
1.056134103,0.870459039
5.275711521,-0.84548555
0.445493049,0.430902859
2.797085758,0.337732588
1.870253662,0.955496717
1.624306597,0.998568667
3.615617584,-0.456471108
3.326858124,-0.184207468
3.871438007,-0.666754389
0.688060448,0.635040114
2.268725614,0.766174536
5.986102318,-0.292732227
4.997909131,-0.959515279
2.231680361,0.789449907
2.098597694,0.863916467
1.313750623,0.967145252
1.780195339,0.97815602
3.958347633,-0.728928162
1.46670273,0.994587152
6.034064839,-0.246551674
0.823450556,0.733495515
1.303246776,0.964421614
4.964224443,-0.968456689
2.938689708,0.201513569
4.724577683,-0.999925719
3.838085755,-0.641531507
1.820946936,0.968875149
4.802739152,-0.995921199
2.452281956,0.63600541
3.204608044,-0.062973693
1.81080922,0.97133491
3.924476485,-0.705326647
0.009754172,0.009754018
3.140692057,0.000900597
5.188801632,-0.888645774
4.55389919,-0.987466761
3.771766658,-0.589285349
5.049083512,-0.943851844
1.881458058,0.952131495
1.274780824,0.956506402
1.095822945,0.889304895
5.208459629,-0.879459614
6.13186874,-0.150739786
3.735367333,-0.559493586
1.267606256,0.954388899
4.322322622,-0.924883829
3.026763738,0.114576733
1.902233382,0.945575699
0.207028964,0.205553219
4.610657495,-0.994829814
0.235946116,0.233762993
3.539536093,-0.387523302
3.938098849,-0.71491756
1.248466124,0.948499838
4.479889226,-0.973093466
1.481190877,0.995988117
5.180067767,-0.892617131
2.297335336,0.747477965
0.038629316,0.038619709
0.120694225,0.120401411
3.624524119,-0.464377383
1.626543419,0.998446533
1.957263834,0.926246299
0.959688701,0.819012992
4.370454397,-0.942107743
1.697766138,0.991950157
5.187081245,-0.889433419
5.371465038,-0.790558379
3.630577606,-0.469730036
4.273805224,-0.90535399
3.619883831,-0.460262785
2.393922036,0.679932529
3.539586573,-0.387569837
4.768261833,-0.998439518
5.42592525,-0.756052079
2.954642728,0.185862835
2.598292643,0.516963634
2.009705529,0.905215739
4.5434947,-0.985771233
0.929933813,0.80158037
4.333811024,-0.929191161
0.136955438,0.136527699
4.200048535,-0.871599566
0.595873031,0.56123154
0.709782299,0.65166866
4.032981928,-0.777945423
0.815005777,0.727729561
2.765622076,0.367175486
3.171849928,-0.030252657
5.641438879,-0.598595333
5.919592258,-0.355634676
5.903099761,-0.370999912
5.249068199,-0.859411282
0.444833509,0.430307598
1.09507028,0.888960438
5.950196688,-0.326868937
5.756145649,-0.502976926
4.71886273,-0.999979045
0.577616383,0.546028575
5.291659828,-0.836862021
4.878525052,-0.986231116
2.788055982,0.346217909
5.470128904,-0.726391173
2.991175148,0.149850937
0.867597716,0.762777677
0.71296288,0.654077842
4.940827249,-0.974021247
3.677825728,-0.510901427
6.09013565,-0.191852788
5.990673303,-0.288358433
1.658080991,0.996193112
4.820882133,-0.994120389
0.081953916,0.081862207
3.309319947,-0.166941969
3.649833541,-0.486641236
1.173478506,0.922102169
0.645705929,0.601762396
1.954184998,0.927402379
5.959232166,-0.318316555
4.548965932,-0.986676147
5.992417991,-0.286687417
3.493288828,-0.344490653
4.136227279,-0.838559963
3.703371878,-0.532692814
6.161909666,-0.120978577
5.589059687,-0.639713624
5.853647846,-0.416450326
0.101942244,0.101765768
1.995866818,0.911009666
0.000623895,0.000623895
1.070209437,0.877301041
0.191880848,0.190705561
2.54039009,0.565634583
0.963383573,0.821127422
2.440004337,0.645431686
5.52221836,-0.689622001
0.711205196,0.652747272
3.945208064,-0.719870278
2.282432335,0.757294456
2.365404337,0.70056454
2.439269649,0.645992679
5.463699693,-0.730794808
2.258902005,0.772450437
0.849586824,0.751007652
4.096462141,-0.816238348
3.206484218,-0.064846032
2.902774203,0.236554777
2.11404499,0.856033903
0.415971191,0.404078493
3.090924478,0.050646499
0.237214871,0.234996406
2.669769453,0.45451104
0.861034611,0.758517176
4.136207005,-0.838548917
5.518337998,-0.692426842
3.403621228,-0.259040416
0.998295021,0.840548558
0.145801434,0.145285407
3.171686553,-0.030089357
2.718040572,0.411001241
1.832933425,0.965838365
3.907837223,-0.693434272
1.54392583,0.99963901
3.219726961,-0.07805483
3.048534392,0.092924009
4.174470918,-0.858777221
5.912157387,-0.362573599
2.902939947,0.236393734
3.684769058,-0.516857823
1.597700963,0.999638092
5.903281209,-0.370831407
2.416429381,0.663257643
1.364869349,0.978871862
3.521549707,-0.370880586
6.113793253,-0.168583136
5.504228328,-0.702537539
4.667736792,-0.999003257
0.551571725,0.524026517
3.294102282,-0.151919107
4.382896871,-0.9462068
3.806143299,-0.616705466
0.80947545,0.723925399
2.297444608,0.747405372
1.340621425,0.973626506
5.982194803,-0.296466326
5.739911441,-0.516941255
1.950015625,0.928953931
3.571576848,-0.416856435
4.761569055,-0.998790904
5.267041282,-0.850083606
3.043038416,0.098394773
2.954364894,0.186135821
2.61977598,0.498455861
0.60591034,0.569510597
4.826449908,-0.993502102
5.768198637,-0.492523248
3.125484151,0.016107805
4.67781525,-0.999402388
0.367945991,0.359699662
4.085595983,-0.809912739
3.541853406,-0.389658498
3.549616638,-0.396796306
2.730753409,0.399378876
5.742563584,-0.51466915
5.765164235,-0.495161814
1.458387841,0.993688816
4.760768219,-0.998829953
1.650014675,0.996863867
3.141480149,0.000112505
2.567170954,0.543349395
5.636804088,-0.602301597
6.166362886,-0.116556881
0.255350663,0.252584717
1.51466253,0.998424912
4.802321516,-0.995958794
1.200701024,0.932292878
2.418516353,0.661694328
2.740991616,0.389971864
0.108964816,0.108749315
2.937507494,0.202671391
2.687754322,0.438418536
1.85175997,0.960788684
3.141956017,-0.000363363
1.659807604,0.996041111
4.811050598,-0.995136889
5.271138166,-0.847918863
1.315375552,0.967557071
2.989771851,0.151238241
1.324305253,0.969774577
0.723300655,0.661862527
3.889179297,-0.67987095
1.004527955,0.843908815
6.080130808,-0.201662012
2.590022042,0.524025568
5.642950959,-0.597383395
2.878183691,0.260373439
5.860409482,-0.410293454
1.43338689,0.990574168
5.294569335,-0.835265776
0.802203193,0.718889328
1.233829548,0.943761867
5.4611809,-0.732511809
0.337232709,0.330876942
4.632333296,-0.996797255
6.241735408,-0.041438031
4.500905397,-0.977720571
3.876260727,-0.670340885
1.419706435,0.988607619
1.247132715,0.948076601
3.772545566,-0.58991447
4.777235923,-0.997898174
5.159138639,-0.90185613
2.042638163,0.890732634
2.333134674,0.723223093
1.72061274,0.988798496
1.541213795,0.999562469
5.556726641,-0.664226547
5.119244754,-0.918369605
0.817028453,0.729115352
3.709603453,-0.537956272
3.050792869,0.090675068
3.07150834,0.070026954
3.355159632,-0.211947182
1.473527844,0.99527315
0.32186568,0.316336981
5.21727359,-0.875230295
5.418934112,-0.760609345
1.176843265,0.923398929
5.310921116,-0.826163544
2.540383981,0.565639621
5.175023033,-0.894880008
1.665650363,0.995504728
4.292603881,-0.913176547
2.603902272,0.512153642
3.38897978,-0.244871472
2.849972804,0.28750406
4.223252965,-0.882739143
4.971260038,-0.966679591
5.279412718,-0.84350333
3.240962324,-0.099206216
2.017366202,0.901933788
5.002077713,-0.958332837
1.351224111,0.975990715
6.124653829,-0.157868271
0.9837092,0.832557761
0.449426552,0.434449103
3.607486982,-0.449221992
4.256727361,-0.897970075
4.459931133,-0.968301414
5.649491004,-0.59212583
1.167517303,0.919779133
1.836857453,0.964814039
3.200906871,-0.059279444
5.463935915,-0.730633543
1.539696567,0.999516441
2.816195996,0.319684654
6.242308574,-0.040865351
4.375446956,-0.943770051
2.012555904,0.90400079
2.471754522,0.620859103
0.373548732,0.364921728
4.008378748,-0.762252581
1.612547074,0.999128564
0.121519831,0.12122097
3.424408365,-0.279060604
3.641545221,-0.479383912
3.606935485,-0.448729205
3.603320106,-0.445495331
1.835385987,0.965199891
0.80039239,0.717629416
3.144517416,-0.002924758
4.653531015,-0.99826837
2.239466607,0.78464671
5.63770006,-0.601586129
4.577417958,-0.990905231
2.467101592,0.624499904
3.990704152,-0.750693712
1.51809803,0.998611766
4.379464377,-0.945090602
0.7912029,0.711199414
1.306944818,0.965392665
3.215021585,-0.073362964
0.005123389,0.005123366
5.519109977,-0.691869662
4.287954306,-0.911271683
5.927215166,-0.348499851
2.456814252,0.632501386
2.251122892,0.777367335
0.282156772,0.278427781
5.905801035,-0.36849007
2.602246591,0.513574994
5.045217521,-0.945121991
3.224739247,-0.083050823
1.701961998,0.991410109
2.289030162,0.752969138
4.102243672,-0.819564767
3.621545376,-0.46173724
2.120017624,0.852931282
5.644318577,-0.596286067
2.42090598,0.659900762
1.076646515,0.880372258
4.863856152,-0.988550762
0.999517975,0.841210448
3.272761053,-0.130792594
5.828640606,-0.439053291
5.854914288,-0.415298595
6.205526502,-0.07758077
4.262797539,-0.900624736
2.043591221,0.890299039
1.031115557,0.857872765
4.93590503,-0.975124112
4.034666522,-0.779002803
0.764602796,0.692250408
0.570894551,0.540384956
3.205231227,-0.063595628
2.230382681,0.790245777
2.294671552,0.749244826
4.793177267,-0.996738401
1.348153555,0.975317311
3.841041197,-0.643795812
2.372263412,0.695653538
5.354357407,-0.800918669
1.643524993,0.997356436
0.148890639,0.148341137
4.383025404,-0.946248381
2.391125446,0.681980536
1.567994781,0.999996076
4.433979594,-0.961493797
5.823182058,-0.443951018
5.438309536,-0.747888652
2.154347626,0.834511183
1.723754009,0.988324763
3.367249807,-0.223746903
0.473444336,0.455954454
0.850141502,0.751373787
1.863809972,0.957377767
2.110877776,0.857666802
6.20705656,-0.076055233
4.23517929,-0.888279975
3.666529902,-0.501158704
4.278380812,-0.907287564
3.750164277,-0.57169611
6.171431813,-0.111521028
5.54367815,-0.673923881
3.875162712,-0.669525696
1.168447034,0.920143595
3.937961717,-0.71482167
5.80059041,-0.464079279
0.896884417,0.781386433
0.440661008,0.42653742
3.746729074,-0.568874277
1.529660613,0.999154046
3.302632885,-0.160345065
1.729135569,0.987490511
4.458708843,-0.967995382
3.252551809,-0.110731609
2.679187329,0.446102118
5.303183416,-0.830498424
2.181052301,0.819501351
1.53116424,0.999214752
5.213426262,-0.877084791
2.978885345,0.161990348
3.791099041,-0.604793375
3.830406299,-0.635621763
2.790054915,0.344341911
2.744353291,0.386874146
1.514692977,0.99842662
0.719827076,0.659254657
2.405538949,0.671368454
1.127920698,0.90352308
4.876798392,-0.986515189
3.198795034,-0.05717119
3.595656297,-0.438621029
2.564658236,0.545457121
5.861792158,-0.409032126
3.842073281,-0.644585217
2.704278094,0.423508276
4.429763147,-0.960326462
3.147589177,-0.005996488
0.183306375,0.182281545
5.005790738,-0.957265593
1.833198236,0.965769707
6.282605507,-0.0005798
1.288773337,0.960494407
4.013170239,-0.765345255
1.638728485,0.997693498
2.832050476,0.304622604
2.33909808,0.719091843
1.689862234,0.992920025
2.325313714,0.728602188
1.570046691,0.999999719
0.903511205,0.785504677
0.29237638,0.288228567
2.196222177,0.810713882
3.775873795,-0.592598628
1.04062095,0.862718398
1.614711596,0.99903588
5.6062448,-0.626411107
0.365113117,0.357054957
2.926248032,0.213684103
5.614311398,-0.620102939
1.674391754,0.994638791
0.261271561,0.258309168
4.95941766,-0.96964326
1.452135635,0.992968077
3.024510831,0.11681451
6.250117606,-0.033061675
3.432719719,-0.287032047
2.292444098,0.750718194
2.590957681,0.523228453
3.567588156,-0.413227519
0.738434512,0.673131022
3.110059883,0.031527545
2.108439905,0.85891782
0.492715189,0.473019851
3.632146559,-0.471114545
3.244275178,-0.102502177
5.665684691,-0.578999153
5.878612205,-0.393626362
4.70987381,-0.999996837
1.58979532,0.999819525
3.180625992,-0.039023428
4.228924874,-0.885389952
5.656988041,-0.586067792
3.430581264,-0.284982921
5.727379873,-0.527627668
0.572717825,0.541918193
4.717090867,-0.999988946
5.042414517,-0.946034068
2.369500986,0.697635345
6.205159771,-0.077946391
2.35476447,0.708117235
2.17097841,0.825232789
0.718496978,0.658253947
4.17562663,-0.859368775
3.390751407,-0.246588778
5.86216983,-0.408687464
5.071654779,-0.936155212
5.856027513,-0.414285655
0.673356115,0.623613081
2.801379332,0.333688194
5.126512998,-0.915469157
0.261647451,0.258672282
4.596460308,-0.993287794
0.634330104,0.592638067
3.003581975,0.137572982
0.123433643,0.123120446
4.870741698,-0.987488386
6.19276062,-0.09030151
2.237540852,0.785839113
1.507557169,0.998001071
2.035543612,0.89393486
1.22675336,0.941398687
2.579993416,0.53254048
0.716342703,0.656630691
2.783041465,0.350917926
5.524397584,-0.688042237
3.983526761,-0.745932672
5.698702315,-0.551768273
5.698894479,-0.551607998
2.228860154,0.79117785
3.389786858,-0.245653899
3.31994549,-0.17740878
1.921675332,0.939070941
1.202307523,0.932872753
5.571207436,-0.653332437
3.819546857,-0.627200953
0.733686605,0.669612261
4.215097432,-0.878877842
5.725342293,-0.529357446
3.512183259,-0.362166007
3.225576339,-0.083884994
1.836506437,0.964906273
5.507357578,-0.700307182
4.415515052,-0.956255637
3.286454807,-0.144356028
0.4897615,0.470415438
3.75210444,-0.573286869
4.495685389,-0.97661152
3.738205087,-0.56184336
2.033174604,0.894994133
5.090184894,-0.92947992
6.269179731,-0.014005119
3.704535357,-0.533677115
4.78479586,-0.997379767
5.988953999,-0.290004279
2.868320903,0.269883222
6.076581066,-0.205137548
5.647467587,-0.593755178
4.637312215,-0.997183063
6.237108154,-0.046060851
1.714466149,0.989697231
1.59268069,0.999760547
3.585193331,-0.429194416
1.122297479,0.901099037
3.894394761,-0.683686352
3.631777177,-0.470788691
6.183225407,-0.099793517
0.959657123,0.818994873
0.814242469,0.727205823
5.666355552,-0.578452051
0.470325523,0.453176488
4.309351953,-0.919874074
2.314999067,0.735628188
4.292755917,-0.913238501
0.211007291,0.209444956
5.767789413,-0.492879354
2.73212322,0.398122679
5.994048652,-0.285124824
2.032774613,0.895172488
4.62589708,-0.996261907
0.114040222,0.113793198
2.502909991,0.596138293
5.994509587,-0.284682991
3.994560611,-0.753235895
3.08882281,0.052745356
0.055689966,0.055661184
6.222539573,-0.060608566
0.287075968,0.283149071
3.307967977,-0.16560882
4.169930739,-0.85644222
3.748215874,-0.570096428
2.830461365,0.306135805
1.541062808,0.999557991
1.89679645,0.947330904
5.997418797,-0.281892959
6.25629525,-0.026886817
3.402905134,-0.258348698
5.434329921,-0.750524488
5.757869941,-0.501485874
6.105765104,-0.176490863
5.962540293,-0.315178765
0.003158426,0.00315842
3.859275658,-0.657640973
2.13284489,0.846165165
1.828456193,0.966988935
3.359974634,-0.216650317
0.278438643,0.274854761
3.932578752,-0.711046988
5.781488015,-0.480914362
5.353972775,-0.801148917
3.27277188,-0.130803328
0.336280855,0.329978553
2.768931152,0.364095539
4.318539385,-0.923438639
2.276157767,0.761377277
3.373678951,-0.230008383
0.741620727,0.675483881
4.468513609,-0.970409497
4.455360744,-0.967149692
2.812182236,0.323485202
0.934054611,0.804037329
4.685551742,-0.999639903
1.533354419,0.999299134
1.716624414,0.989385914
5.326997291,-0.816999373
5.067973907,-0.937443013
1.41713609,0.988217477
2.181586346,0.819195186
1.857112429,0.95929079
1.819555767,0.969218595
4.098484036,-0.817404759
0.372764476,0.364191444
4.541205757,-0.985383897
6.051280432,-0.229831822
3.18232681,-0.040722892
3.649304661,-0.486179138
3.902284619,-0.689422842
0.671791813,0.622389451
5.328077218,-0.816376169
4.460933487,-0.968551301
3.143719438,-0.002126782
4.213379712,-0.878057113
5.724697528,-0.529904354
3.999317284,-0.756356066
1.62283189,0.998646456
2.993389161,0.147661557
1.259688065,0.9519949
0.843329418,0.746861252
2.194905678,0.811483914
5.841076547,-0.427846421
2.168500009,0.826630037
1.187818876,0.927556123
0.35645707,0.348956212
0.889156322,0.77654045
2.373137667,0.695025227
5.453791596,-0.737522066
5.971731581,-0.306442746
0.492829173,0.473120273
3.926501353,-0.706760593
6.205443666,-0.077663356
3.811756391,-0.62111432
5.131595547,-0.913412184
4.303289803,-0.917479527
5.811583827,-0.454313533
0.216919573,0.215222411
3.552273855,-0.399233979
5.892498853,-0.380823233
1.848252329,0.961755376
5.882118537,-0.390400681
3.894374915,-0.683671869
0.697423951,0.642245281
4.624401399,-0.996131589
2.291009694,0.751665021
0.746772055,0.679273362
1.196486244,0.930760098
5.659540406,-0.583997801
1.012112697,0.847953614
3.58194983,-0.426262593
4.254138983,-0.896828035
3.973800033,-0.739419279
2.28217452,0.757462803
5.675161617,-0.571246464
5.706553265,-0.545203663
1.75940059,0.982266876
4.048954785,-0.787882014
4.658101239,-0.998526782
3.702599387,-0.532038888
3.12638672,0.015205347
4.310545749,-0.920341642
2.008679558,0.905651251
2.920220876,0.219568131
0.196653324,0.195388259
1.420504388,0.988727409
5.208097745,-0.879631803
2.729717155,0.400328684
0.580412634,0.548369043
1.660345189,0.995993179
3.479823099,-0.331818315
3.602392251,-0.444664446
4.068043148,-0.799492881
3.058121198,0.083374559
0.446622094,0.431921433
0.855958528,0.755199573
0.959765742,0.819057194
4.909435255,-0.980649116
3.142907208,-0.001314554
4.247633463,-0.893931171
2.310237983,0.738844928
1.844224848,0.962850739
0.535796591,0.51052616
6.225562035,-0.057591388
4.341736072,-0.932091045
2.659331965,0.463783213
2.525984649,0.577455018
1.636617241,0.997834586
5.799942794,-0.464652836
4.449146223,-0.965551249
5.272394334,-0.847252267
5.142270838,-0.909014993
5.089361121,-0.929783472
0.408887761,0.397589024
2.137754321,0.843538641
3.069500032,0.07203019
4.251136567,-0.895495788
1.447296612,0.992383598
0.370405173,0.361993156
2.164312038,0.828979543
4.275485294,-0.906066166
0.42748445,0.414582937
5.240680883,-0.863669311
6.068065003,-0.213464961
0.977699609,0.829213805
0.570130854,0.53974221
2.330085159,0.725325766
0.593887976,0.559587487
4.80940426,-0.995297708
3.523528149,-0.3727172
0.477954882,0.459964202
4.414177271,-0.955863437
6.206265584,-0.076843895
4.415943448,-0.956380869
5.470777554,-0.725945216
2.245349943,0.780985818
4.807747636,-0.995456808
2.429964383,0.653067725
4.532026437,-0.983778722
2.443065521,0.643090478
4.473542188,-0.971611449
1.20512828,0.933885094
2.861192049,0.27674063
5.201326149,-0.882832556
4.056913814,-0.792758387
1.596792944,0.999662107
3.580061562,-0.424553709
4.112379242,-0.825330116
1.026223894,0.855348871
5.995901964,-0.283347953
6.076619127,-0.205100296
2.231155071,0.789772228
0.549129901,0.52194525
5.681516324,-0.566019157
3.467357282,-0.320033293
0.629108492,0.588424161
1.800550704,0.973722362
3.323758252,-0.181159762
3.986719885,-0.748055554
5.917752992,-0.357353097
5.43488116,-0.750160091
1.724783798,0.988167339
4.320798343,-0.924303148
4.51739635,-0.981049098
5.149806397,-0.905848669
1.425184023,0.989417247
0.970252833,0.825028613
4.259808576,-0.899321719
1.01639633,0.850216455
5.349537232,-0.803795545
4.504361831,-0.978440271
4.204449003,-0.873748311
3.469007485,-0.321596269
1.608555336,0.999287213
1.522282206,0.998823421
5.214029681,-0.876794788
1.346086023,0.974858699
2.206019651,0.804939205
2.965785078,0.174903322
5.600403884,-0.630953348
5.51552876,-0.694450939
4.165806918,-0.854306051
5.961984161,-0.315706504
0.889662865,0.776859507
1.923207921,0.938543052
5.014870875,-0.954600098
5.931635757,-0.344353
0.408161616,0.396922635
5.155802034,-0.903292642
6.209412674,-0.073705735
6.176556604,-0.106426762
2.758150596,0.374114783
1.36734328,0.979374722
0.57518062,0.543986356
0.052712374,0.052687966
2.391311823,0.681844214
3.067687703,0.073837692
1.936673359,0.933810346
0.061764922,0.061725658
1.748494876,0.984253115
2.022785428,0.899580131
2.993544711,0.147507711
0.084774134,0.08467263
2.151701747,0.835966115
1.473170187,0.995238352
3.285062645,-0.142978308
5.349457665,-0.803842878
0.761294587,0.689859231
3.220684248,-0.079009161
4.695889119,-0.99986388
5.043798411,-0.945584688
0.803274127,0.719633348
1.110164446,0.895771796
3.634429868,-0.473127358
0.504219843,0.48312452
2.288714756,0.753176656
1.752025636,0.983622867
1.745902029,0.98470813
0.561319479,0.53230367
0.029970582,0.029966095
4.447489137,-0.965118728
1.45522811,0.993329423
6.234516729,-0.048649367
1.1711186,0.921186445
3.146502969,-0.004910295
4.39584964,-0.950318339
4.393578381,-0.949608892
4.020105286,-0.769790348
6.036553655,-0.244138928
1.559409125,0.999935167
3.34658812,-0.203562722
0.841611373,0.745717684
1.291116553,0.961143885
4.348952675,-0.934680779
0.254618122,0.251875861
0.147138872,0.146608524
3.417749336,-0.272659975
4.688663543,-0.999718565
3.06498364,0.0765341
2.260497638,0.771436107
1.98970453,0.913533587
1.515994067,0.998498732
5.637786602,-0.601516996
3.236502235,-0.094767157
1.484889607,0.996312287
0.363671398,0.355707901
5.946241022,-0.330604751
1.756927551,0.982727537
1.885766844,0.950805513
2.421285581,0.6596155
2.524551581,0.578624413
1.99901488,0.90970694
5.806421243,-0.458906504
3.803789869,-0.614851154
4.321626264,-0.924618815
1.907252935,0.94393042
1.648109695,0.99701281
5.346265202,-0.805737788
5.229307407,-0.869346229
0.584361912,0.551667289
0.120145288,0.119856449
2.022282346,0.899799741
5.12953404,-0.914249349
6.080464514,-0.20133515
1.496807071,0.997264043
4.093490185,-0.814517802
3.093103962,0.048469693
0.969396158,0.824544211
5.511830713,-0.697107077
4.64200109,-0.997523795
1.260415243,0.952217248
3.258870323,-0.117009014
0.287957868,0.28399477
5.632623685,-0.605633409
1.813441851,0.970705728
1.923761776,0.938351738
3.521808319,-0.371120742
3.960427676,-0.730350561
0.552432139,0.524759139
5.12106532,-0.917647643
4.350533725,-0.935241655
5.262966324,-0.85222261
5.687459077,-0.561110033
3.417753969,-0.272664433
3.211668304,-0.070018313
0.543952877,0.517522383
4.543120537,-0.98570827
1.327112816,0.970455807
2.503547402,0.595626406
2.170000514,0.825784703
2.957363796,0.183188495
1.553388966,0.999848496
0.08742476,0.087313437
4.749177272,-0.999323387
1.24157236,0.946293527
5.023072419,-0.952124859
3.289935487,-0.14779937
5.941408359,-0.335161791
1.916437988,0.940858251
3.93969061,-0.716029628
5.851055248,-0.418806007
2.853624866,0.284004281
3.265880627,-0.123968231
4.459408359,-0.968170701
3.181705106,-0.040101696
3.591102616,-0.434524229
4.861431779,-0.988913667
1.873914206,0.954410451
5.028148682,-0.950560737
5.413921453,-0.763854044
4.234751182,-0.888083262
1.601621794,0.999524933
4.613550633,-0.995119466
4.581170437,-0.991403193
5.544882195,-0.673033843
0.963246856,0.821049384
0.537909962,0.512342227
3.390992567,-0.246822484
3.01265718,0.128578525
0.557872533,0.52938249
3.355014977,-0.211805811
4.053831006,-0.79087554
4.135346495,-0.838079778
4.381206653,-0.945658558
1.888675595,0.949900394
4.91534677,-0.97947467
1.9145657,0.941490934
0.828968344,0.737234739
5.892834846,-0.380512537
3.701475783,-0.531087175
1.707177817,0.990714451
0.323836846,0.318206307
0.488997092,0.469740753
1.694583782,0.992348111
0.057229914,0.057198678
6.092255423,-0.189771963
1.008919282,0.846256559
2.683367698,0.442356876
0.472575743,0.455181231
0.708605223,0.650775392
1.810566515,0.971392576
1.558981095,0.999930201
5.956649882,-0.320763455
6.161264232,-0.121619245
5.664944539,-0.579602461
4.518507332,-0.981263755
0.997949459,0.840361305
1.494521956,0.99709252
2.938478037,0.201720894
1.119395186,0.899836771
4.281418093,-0.908560587
3.587853229,-0.431595347
4.984998585,-0.963071552
1.228019718,0.941825069
1.746253032,0.98464692
1.055195221,0.869996499
1.822139619,0.968579212
1.569951122,0.999999643
0.619616592,0.58072307
2.619337847,0.498835638
5.551222044,-0.668331322
2.236521579,0.786469055
4.163607575,-0.853160833
6.199807232,-0.083281502
3.451667581,-0.305129992
1.769452734,0.980332624
6.137272711,-0.145395388
1.580311402,0.999954732
4.692744478,-0.999807053
3.247589813,-0.105798784
0.819285309,0.730658066
1.661637754,0.995876754
4.482887446,-0.973779913
1.375095964,0.980911722
4.959352691,-0.969659144
4.234214187,-0.887836287
0.885748217,0.774388609
0.483078588,0.464507675
2.063325522,0.881139733
3.808130451,-0.618268521
2.374660151,0.693929778
0.143500534,0.143008538
3.840648951,-0.643495617
0.232879166,0.230779922
1.728714912,0.987556752
5.721794926,-0.532363691
1.492016795,0.996898497
5.871925493,-0.399764413
1.850706618,0.961080226
3.76653543,-0.585050866
0.817645972,0.729537838
4.130552686,-0.835454907
1.108575985,0.895064573
2.62798484,0.491322763
2.40736635,0.670013003
1.429273422,0.990002337
5.24858971,-0.859655828
4.128949896,-0.834573007
4.986442052,-0.962681902
4.714642536,-0.999997461
0.356435526,0.348936022
1.81571391,0.970157312
1.851198193,0.960944303
1.17951103,0.924419641
4.061736307,-0.79568864
4.929389024,-0.976547736
3.416688301,-0.271638989
0.829523915,0.737609989
5.994478998,-0.284712314
0.340144698,0.333623503
5.038094317,-0.94742527
2.99674293,0.144343728
3.231749486,-0.090034746
2.072954972,0.876545608
1.012629745,0.848227573
5.202119299,-0.882459746
6.167246527,-0.115679217
5.967081844,-0.310865451
2.741819833,0.389209086
3.724107091,-0.550125435
0.096751291,0.096600417
2.767011994,0.365882297
2.599631439,0.515817152
1.166290057,0.919296824
0.943856629,0.809826683
1.256124745,0.950898077
5.844773008,-0.424502454
5.831807403,-0.43620585
2.731631906,0.398573328
5.750342029,-0.507984495
5.778246905,-0.48375353
5.168214218,-0.897898062
5.54716922,-0.671340574
1.066837687,0.875677818
4.81117676,-0.995124454
2.655997297,0.466734974
5.251626613,-0.858100393
1.735090164,0.986534098
2.701395969,0.426117407
2.047346767,0.888582577
0.455738479,0.440125541
0.548949084,0.521791009
4.689611239,-0.999740598
2.536150131,0.569125996
4.502123628,-0.977975565
1.537190045,0.999435362
4.469273307,-0.970592658
1.210511452,0.935796432
0.505016463,0.483821849
1.947408006,0.9299161
1.823239004,0.968305204
2.789787582,0.344592883
5.80907026,-0.456551287
1.809624764,0.971615792
2.653700917,0.468764654
0.671450095,0.62212195
0.595731118,0.561114079
5.446575554,-0.742375981
2.987458499,0.153524576
4.770067819,-0.998337037
4.643194222,-0.997606998
0.970789153,0.825331564
2.238025243,0.785539458
0.782608654,0.705131552
5.088360627,-0.930151295
1.748546624,0.984243966
3.568655434,-0.414199176
0.316661372,0.311395669
0.955216139,0.816438565
2.677018179,0.448042417
3.938976641,-0.715531045
4.638309834,-0.997257395
0.330969341,0.324959914
0.092390893,0.092259507
3.772242171,-0.589669462
5.029728116,-0.950069076
4.871324565,-0.987396305
2.34049674,0.71811919
4.579670957,-0.991205883
4.521350817,-0.98180764
4.03224825,-0.777484221
0.47457752,0.456962698
0.143855767,0.14336011
2.434469197,0.649649616
2.859193678,0.278660399
1.83220918,0.966025797
0.592093146,0.558099083
5.301741629,-0.831300666
2.090740314,0.86784701
2.906555902,0.232878727
1.069116327,0.876775889
4.733191947,-0.999783626
3.82829986,-0.633994182
1.3759316,0.981073872
0.421816435,0.409418346
2.998636769,0.142469465
4.57280944,-0.990274581
2.043931452,0.890144054
5.155706302,-0.903333709
4.0389167,-0.781660708
3.584103543,-0.428209851
3.097119965,0.04445803
1.514308275,0.998404974
5.794281029,-0.469658814
0.729589761,0.666563879
0.772854235,0.698181486
5.003616932,-0.957892018
4.178265649,-0.86071526
1.981194779,0.916961923
5.775546542,-0.486115133
6.21936178,-0.063780206
0.992077547,0.837164103
5.136687262,-0.911327842
3.788311247,-0.602570877
2.916947146,0.222760791
5.907047268,-0.367331246
2.953343011,0.187139748
5.533334552,-0.681529552
0.56804816,0.537987766
4.566167389,-0.989328657
0.984447188,0.832966334
5.020120536,-0.953023128
2.376320372,0.692733392
4.863029672,-0.988675131
5.712353058,-0.540332533
0.722003984,0.660889954
4.372390479,-0.942755165
0.264142899,0.261081991
5.918695364,-0.356472792
2.592594888,0.521832537
6.152706954,-0.130108444
3.297957928,-0.155728862
6.063533444,-0.217889864
1.76641933,0.980926762
0.022405349,0.022403475
2.875656606,0.262812526
6.228308381,-0.054849387
4.656431392,-0.998434783
2.665268504,0.458515602
5.94070001,-0.335829085
1.078333154,0.88117095
5.595824739,-0.634499316
5.044718233,-0.945285
5.842434779,-0.426618387
2.549887212,0.557777334
4.24183911,-0.891319125
5.625850594,-0.611009121
0.770687433,0.69662859
3.528336268,-0.377174544
0.304134131,0.299467156
2.630751137,0.488911503
0.526512709,0.502521414
5.886686421,-0.386191223
0.080044944,0.079959494
2.245189644,0.781085922
2.046301017,0.889061794
2.106184553,0.860070631
0.163174229,0.162451085
1.647725535,0.997042407
4.289048036,-0.911721542
3.408627217,-0.263872266
2.237328207,0.785970602
1.838554222,0.964366513
4.865552185,-0.988293429
3.334481094,-0.191694564
6.075560371,-0.206136429
2.109390861,0.858430434
5.370544017,-0.791122064
3.905789372,-0.691957302
2.883112666,0.255611331
5.355120126,-0.800461741
0.874153857,0.767000853
0.279875596,0.276236087
0.306138605,0.301379035
3.220261192,-0.07858742
4.805018254,-0.995712975
0.056028478,0.055999169
3.20085293,-0.059225598
3.011495467,0.129730508
5.495366115,-0.708816633
2.634505502,0.485633007
5.608561098,-0.62460389
4.350134338,-0.935100193
5.091980506,-0.92881607
4.842352201,-0.991566661
2.301920001,0.744424588
4.129257471,-0.834742409
5.438693055,-0.747634007
0.376197348,0.367386408
1.697072797,0.992037715
1.721086392,0.98872769
1.842276842,0.96337494
5.51561545,-0.69438856
2.792519755,0.342026766
3.863035415,-0.660468662
2.815590964,0.320257877
3.855271146,-0.654618983
2.328107568,0.726685732
5.632550827,-0.605691383
1.791587764,0.975724429
3.825240314,-0.631625156
2.996804063,0.144283235
4.946691799,-0.972676439
3.289859112,-0.147723833
2.239606055,0.784560252
0.407511074,0.39632545
5.435454443,-0.749780881
5.735229699,-0.520943243
6.275791705,-0.007393535
3.716692267,-0.543918383
4.60113398,-0.993817543
5.386718781,-0.781125581
0.353844651,0.346506825
4.00901027,-0.762661201
6.158905421,-0.123960206
0.049431284,0.049411156
0.832366618,0.739526476
3.431922475,-0.286268259
5.141552461,-0.909314152
3.896006802,-0.684861892
4.597843676,-0.993446856
4.369985726,-0.941950489
5.48143278,-0.718575986
0.874076915,0.766951481
5.088919731,-0.92994586
2.998769971,0.14233762
4.234266415,-0.887860319
0.197276281,0.195999171
3.813387622,-0.622391921
4.707270342,-0.9999869
0.666896279,0.618550236
0.181970688,0.180968073
4.39810584,-0.95101823
5.549023201,-0.669965345
4.52488882,-0.982473283
3.911535908,-0.696094499
2.31727967,0.734081429
6.020859764,-0.259327237
4.940831264,-0.974020338
1.960159739,0.925150896
1.919262708,0.939897483
4.715001125,-0.999996588
4.592401696,-0.992810158
2.810678928,0.324907317
5.272589974,-0.847148329
1.49564605,0.997177547
2.61036249,0.506594352
4.455755554,-0.967249981
2.981765821,0.159147249
5.088577451,-0.930071661
2.536217182,0.569070863
1.207849684,0.934854736
4.953678255,-0.971030704
5.970988869,-0.307149641
4.592670743,-0.992842327
0.547010037,0.52013588
1.400149158,0.985475071
2.805743633,0.329570875
6.018661549,-0.261449621
5.590495613,-0.638609293
1.514757106,0.998430214
1.379225795,0.981706415
1.005815673,0.844598958
2.604305648,0.511807144
4.609577936,-0.994719598
0.256600641,0.253793966
3.684187111,-0.516359548
1.760721264,0.982018409
5.374081724,-0.78895325
1.022345579,0.853333273
5.551148263,-0.668386203
3.255517608,-0.113678678
2.063463051,0.881074693
5.658313241,-0.584993519
5.397475576,-0.774364258
3.65889749,-0.494539421
2.62623457,0.492846455
6.112119412,-0.170232782
3.85190728,-0.65207234
4.343921418,-0.932880404
0.061335691,0.06129724
0.733570785,0.669526235
4.016459314,-0.767458025
2.617500907,0.500426864
1.147567621,0.911767645
1.346628984,0.97497954
4.834598266,-0.992541735
1.032498235,0.858582451
4.146287846,-0.843998524
1.006229555,0.844820479
5.168701417,-0.897683488
1.208321672,0.935022202
1.513428491,0.998354917
0.914194768,0.792071307
0.117435405,0.117165664
0.369119416,0.3607943
3.476880173,-0.329040693
5.819105463,-0.447600156
2.640020308,0.480804809
4.533357694,-0.984016659
3.409886057,-0.265086281
5.671258152,-0.574445984
2.584979696,0.528313468
3.190108541,-0.048496857
5.394979393,-0.775941279
5.141558932,-0.909311459
4.702682763,-0.999952895
0.113217747,0.112976026
0.140097025,0.13963919
3.587604959,-0.431371377
2.922809352,0.217042089
6.28078149,-0.002403815
4.191114326,-0.867185125
4.193092722,-0.86816864
2.898152699,0.241042572
0.364178121,0.356181437
2.170147031,0.825702061
3.688002,-0.519622746
0.164928998,0.164182292
1.045512719,0.865181759
3.025329337,0.116001569
4.245703526,-0.8930645
4.452909707,-0.966523716
2.511383354,0.589313865
3.253389165,-0.111563776
2.127395398,0.849056734
5.756544822,-0.502631881
2.85082001,0.286692521
5.492040538,-0.711158547
3.821085919,-0.62839892
1.335271237,0.972391944
5.623085434,-0.613195748
5.117204893,-0.919174916
5.319367486,-0.82137519
1.435643969,0.990880814
6.193081816,-0.089981621
3.521003968,-0.370373714
0.943974776,0.809895991
1.20381919,0.933416198
1.307341253,0.965495979
4.685001371,-0.999624983
0.255284667,0.25252086
5.620491519,-0.615242697
0.807830019,0.722789272
4.939292802,-0.974367586
3.662774152,-0.497905118
0.188146747,0.18703867
0.86976361,0.764176485
4.632976301,-0.99684847
3.295687658,-0.15348589
4.077550203,-0.805167319
5.869325246,-0.402146492
0.114750318,0.114498652
0.511545742,0.489525701
2.660451911,0.462790707
5.092580072,-0.928593739
2.227231932,0.792172599
1.759425799,0.982262149
1.665119238,0.995554891
4.505057889,-0.978583791
1.226932112,0.941458964
4.198394329,-0.870787452
5.33486625,-0.81243658
4.576432601,-0.990772159
2.136988124,0.843949894
5.703263358,-0.547958648
3.754329903,-0.575108892
4.84549482,-0.991154489
3.511729601,-0.361743108
1.145516983,0.910923518
4.236675349,-0.888966124
5.605460311,-0.627022418
3.685178103,-0.517207952
3.702404632,-0.531873976
2.470075584,0.622174384
4.506749148,-0.978930535
3.158987288,-0.017393757
0.111999017,0.111765015
4.854765625,-0.989881556
2.549106416,0.558425217
3.632912097,-0.471789667
2.475992958,0.617530933
4.508167168,-0.979219102
5.700551344,-0.550225245
4.075953821,-0.804219563
2.487715305,0.608268543
4.780129999,-0.997706454
5.387154781,-0.78085328
2.324809051,0.728947757
0.322255183,0.316706459
2.751049618,0.380690618
5.625924148,-0.610950892
5.501064374,-0.704785636
1.572363086,0.999998773
1.394770532,0.984547422
6.009687516,-0.270100867
2.671284983,0.453160574
6.206111502,-0.07699752
1.476923268,0.995597159
1.316479661,0.967835438
2.966703436,0.173999046
4.492602914,-0.975944114
1.385541474,0.982889339
3.520066799,-0.369503031
3.55645252,-0.403061688
3.247761134,-0.105969142
1.988211705,0.914139796
1.743586354,0.985108908
1.943359862,0.931397269
5.196605759,-0.885039822
5.553437142,-0.666681953
6.094688566,-0.187382476
4.080828917,-0.807107422
0.023981898,0.023979599
5.226194151,-0.870880596
4.4235379,-0.958571779
2.40394338,0.672550112
5.637620331,-0.601649815
4.014709222,-0.766334868
1.211087095,0.935999214
0.32742539,0.321606267
1.533543032,0.999306176
0.920025279,0.795616934
5.818252649,-0.448362609
2.851383424,0.286152712
4.692434408,-0.999800914
1.905946161,0.944361038
4.868160082,-0.987892194
1.573836931,0.999995377
3.254226113,-0.11239546
4.254493687,-0.896984893
6.021070115,-0.259124076
0.888462846,0.776103327
6.117872145,-0.164561231
5.252470925,-0.857666548
1.276351922,0.956963528
4.729070597,-0.999860865
3.458444323,-0.3115765
6.267878217,-0.015306493
0.62024945,0.581238164
5.634975146,-0.603760575
0.805564968,0.721222113
2.551992485,0.556028742
0.730442495,0.667199306
5.506433507,-0.700966524
5.138252849,-0.910682202
0.550096631,0.522769607
0.620991314,0.581841684
5.064679039,-0.938584994
1.65805402,0.996195462
2.981415945,0.159492655
5.626816407,-0.610244276
2.786306416,0.347858741
1.832262825,0.966011931
4.605241665,-0.994265216
0.790887124,0.710977391
4.603536158,-0.994081379
0.037867517,0.037858467
0.592431232,0.558379586
0.503926905,0.482868017
2.205555558,0.805214492
5.761541865,-0.498305677
5.784298377,-0.478448431
1.475208848,0.995434994
3.856250475,-0.655359002
3.977753856,-0.742075385
5.416049334,-0.762479004
4.833028103,-0.992731922
5.688125178,-0.560558549
6.085014148,-0.196876614
2.895126565,0.243978371
6.146081613,-0.136674565
0.798454355,0.716278373
4.091199466,-0.813186732
2.529184184,0.574839894
4.575194547,-0.990603596
5.693221579,-0.556330883
3.469886808,-0.322428755
3.948133802,-0.721897974
1.070676313,0.877525018
2.320585953,0.731832251
0.588651776,0.555240224
3.02750417,0.113841145
4.110864283,-0.824473747
2.493346477,0.603789285
2.957300225,0.18325099
1.282279208,0.958666855
0.607495589,0.57081293
3.203763911,-0.062131214
3.604673865,-0.446706922
2.606112732,0.510253842
2.491731408,0.60507594
2.555373255,0.553215599
1.985246315,0.915337941
4.978441212,-0.964816377
3.349418306,-0.206332829
2.88207146,0.256617809
4.617209759,-0.995473876
4.409933486,-0.954607961
4.975777684,-0.965513261
5.141620636,-0.909285782
1.294062301,0.961952881
0.115197115,0.114942499
4.539286824,-0.985055195
1.841594151,0.963557785
4.816137979,-0.994622898
1.613418959,0.999091793
4.565611876,-0.989247565
5.215690521,-0.875994939
2.591169222,0.523048168
4.551773283,-0.987129004
1.973283942,0.920089422
4.828238261,-0.993296974
1.531210389,0.999216579
2.4083521,0.669280907
3.246184484,-0.104401238
1.246024275,0.947723488
2.412958557,0.665851177
4.154865476,-0.848567992
2.831033654,0.305590943
2.139142637,0.842792208
6.087006713,-0.194922657
3.708712933,-0.537205375
3.277401034,-0.135391292
4.371682263,-0.942518749
3.111276588,0.030311422
4.654478371,-0.998323649
0.452701219,0.437396249
0.103654101,0.103468588
3.803449886,-0.614582993
1.22792488,0.94179319
4.180747907,-0.861976292
3.901573259,-0.688907387
1.866181714,0.956690024
0.949607076,0.813186885
0.495424594,0.475405238
2.121365514,0.852226877
5.167578072,-0.898177913
3.682136388,-0.514602282
0.224007786,0.222139049
0.505828117,0.484532022
5.759775468,-0.499836368
4.585447565,-0.991953752
5.64840206,-0.593002999
4.900821153,-0.982299126
2.64751129,0.47422308
1.620695918,0.998755274
2.94215895,0.19811429
3.042878763,0.09855365
3.324594911,-0.181982514
1.585774399,0.999887831
0.43729819,0.423493447
5.676657144,-0.570018329
6.123443781,-0.159063029
2.346940704,0.713619827
3.903442275,-0.690260938
4.333982126,-0.929254387
3.561547605,-0.407719319
2.173998882,0.823523087
4.2150508,-0.878855596
1.893317557,0.948439307
3.612629925,-0.45381084
4.228425786,-0.885157841
2.761518238,0.370989575
2.919916155,0.219865406
4.879185654,-0.986121656
5.167613018,-0.89816255
0.546360707,0.519581188
1.852738851,0.960516798
0.856691451,0.755679798
2.124157071,0.850763093
0.343959494,0.3372173
6.121923112,-0.160564153
3.813749217,-0.622674903
0.857605873,0.756278374
1.186999103,0.927249476
5.718763586,-0.534927319
3.398426465,-0.254019496
5.96057111,-0.317046972
5.665857666,-0.578858113
4.262778195,-0.900616329
2.479642599,0.614656213
3.791602356,-0.605194129
1.342285184,0.974004742
4.649800102,-0.998041955
0.110879644,0.110652586
2.077578097,0.874311052
1.52318362,0.998866729
6.235943857,-0.04722388
4.489168618,-0.975189612
4.340560531,-0.931664592
1.816349504,0.970003
4.306647182,-0.918809862
6.156545096,-0.126301979
4.368615525,-0.941489558
2.129578426,0.847901414
4.898399728,-0.982749825
4.559861148,-0.988390165
0.017569699,0.017568796
2.839145698,0.297856986
0.800152403,0.717462263
1.920188319,0.939581024
3.09707923,0.044498725
2.4049934,0.671772673
0.486372074,0.46742176
3.027947143,0.11340104
5.034059973,-0.948708455
5.88447292,-0.388232049
5.625173679,-0.611544843
2.307028666,0.7410038
3.404259881,-0.259657216
5.001729825,-0.958432154
4.518413674,-0.981245706
4.492855866,-0.975999231
5.031217434,-0.949603296
3.779504398,-0.595519159
2.028399149,0.897114144
0.881883599,0.771937648
2.636306476,0.484057876
0.974540484,0.827443935
6.233223791,-0.049940733
3.49159146,-0.342896686
5.507006189,-0.700557976
0.973930258,0.82710111
1.996874462,0.910593666
3.639530821,-0.477615093
1.177207604,0.923538716
3.988617111,-0.749313274
3.206921331,-0.065282219
4.705549119,-0.999976608
1.437852927,0.991176034
5.120466162,-0.91788558
0.860488667,0.758161297
4.057899017,-0.793358519
2.383207124,0.687750322
3.115124741,0.026464823
5.952217577,-0.32495839
2.870660934,0.267629285
4.927982197,-0.976849661
1.171038025,0.921155089
5.743167967,-0.514150864
1.084429699,0.88403699
5.667528027,-0.577495246
4.473291949,-0.971552217
4.070618921,-0.80103743
3.417886154,-0.272791606
1.493024927,0.996977329
5.232307919,-0.867859455
0.881481564,0.771682013
5.310275047,-0.826527387
3.108239825,0.033346645
3.095116224,0.046459699
2.63582566,0.484478551
0.765168157,0.692658294
3.827669957,-0.633506929
0.243896767,0.241485889
3.825003003,-0.631441157
3.224387147,-0.082699934
5.665956369,-0.578777625
1.564113229,0.999977668
4.274939146,-0.905834936
2.173668539,0.82371044
2.447849394,0.63941969
1.940367844,0.932482206
1.106291534,0.894043518
1.009474718,0.846552351
2.835819007,0.301031026
1.477088915,0.995612672
2.365180568,0.700724201
4.044995046,-0.785437333
2.645354795,0.476120564
1.139404562,0.908384684
4.080547137,-0.806941026
6.179208971,-0.103789088
0.946947914,0.811636372
4.696007211,-0.999865822
5.044912238,-0.945221689
0.603351286,0.567405233
1.706013696,0.990872052
3.949813056,-0.723058999
5.643071424,-0.597286783
4.799034133,-0.996248657
5.406900313,-0.768366545
3.747917054,-0.569850899
0.659399881,0.612642652
6.083696407,-0.198168393
6.197060618,-0.086018257
6.1135339,-0.168838771
3.349754467,-0.206661746
1.003429768,0.843319143
3.792137081,-0.605619726
5.890830018,-0.382365787
5.20128038,-0.882854052
5.101757571,-0.92514893
4.310793355,-0.920438456
0.074894486,0.074824489
5.259966347,-0.853788298
6.011605818,-0.268253369
0.845560053,0.748342719
1.651016249,0.996784107
1.105106429,0.893511987
3.249085928,-0.107286383
2.570406277,0.54063048
6.089557754,-0.192419917
1.18726795,0.927350111
1.185541455,0.926702683
1.208743491,0.935171691
5.246429894,-0.860757215
0.108706339,0.108492367
0.60747129,0.570792979
1.42764411,0.989771207
0.334541573,0.328336192
3.557317129,-0.403852804
1.285397683,0.959549495
0.20635813,0.204896663
2.004623156,0.907363805
0.563354781,0.534025559
0.405635207,0.394602501
4.977164535,-0.965151261
3.364128333,-0.220703482
3.369403422,-0.225845398
1.719980489,0.988892666
0.663976581,0.616253464
4.444420288,-0.964310721
2.014896243,0.902997748
5.089959125,-0.929563176
3.023741046,0.11757899
5.384073414,-0.782774545
5.955855033,-0.321516203
2.388857718,0.68363733
5.494176047,-0.709655597
0.423934308,0.411349661
5.426454773,-0.755705394
5.673534645,-0.572581091
0.786471214,0.707865135
6.222754514,-0.060394018
4.223271954,-0.882748065
0.171864142,0.171019324
2.687318807,0.438809922
3.228165366,-0.086464612
4.144680358,-0.843135265
5.056631249,-0.941331445
5.661378545,-0.582504696
5.36954185,-0.791734651
1.775657808,0.979089173
1.283888803,0.959123592
4.033519112,-0.778282841
2.504161538,0.595132982
1.470735929,0.994998134
2.729250753,0.400756039
3.407294876,-0.262586913
3.792284495,-0.605737024
1.910992373,0.942689269
5.265243839,-0.851028852
3.543227378,-0.390923502
2.814281951,0.32149767
3.244708951,-0.102933656
2.996843488,0.144244223
2.266842524,0.767383312
3.202726203,-0.061095478
1.374771555,0.980848588
1.223747051,0.940380419
3.198960661,-0.057336545
0.914223797,0.792089027
4.453496563,-0.966674123
4.324116548,-0.925564481
5.182348576,-0.891586586
2.363281429,0.702077844
3.06979471,0.071736273
3.677431037,-0.510562095
1.216360869,0.937842569
2.986037879,0.154928199
2.109765005,0.858238465
4.577819352,-0.990959163
5.2237169,-0.872095478
3.493779677,-0.344951416
5.40454606,-0.76987116
5.560506017,-0.661396608
3.478485619,-0.330556316
3.571495182,-0.416782202
4.757947637,-0.998962384
0.577353423,0.545808257
5.996496735,-0.282777508
3.864715368,-0.661729128
2.057320279,0.883963443
5.955140303,-0.322192902
1.881725678,0.952049652
5.391951045,-0.777848015
2.562996679,0.546848982
3.639924646,-0.477961058
1.439016132,0.991329549
3.955276834,-0.72682249
1.090707052,0.886953694
1.193467629,0.929652162
0.47675599,0.458899331
2.197672268,0.809864085
1.236166977,0.944532103
3.166911769,-0.02531641
4.724516589,-0.999926461
0.123143681,0.122832684
3.084447334,0.057114223
3.588190543,-0.431899603
1.366279213,0.97915917
0.850469496,0.751590182
3.326212466,-0.18357282
5.527446977,-0.685826187
1.833745516,0.965627597
2.324236449,0.729339623
4.625641564,-0.996239802
5.330996351,-0.814686834
1.143888656,0.910250504
0.754245869,0.684739262
0.861906066,0.759084774
4.931485498,-0.976094218
1.654834315,0.996470886
1.460699263,0.993945438
4.514909657,-0.980564245
1.597843623,0.999634244
3.981811566,-0.744789218
4.183783385,-0.863511149
3.203980417,-0.0623473
2.870679633,0.267611268
5.811051588,-0.454787609
2.224117428,0.794069526
3.221410061,-0.079732684
3.061869638,0.079638593
1.822791285,0.968416934
4.728422167,-0.999871471
0.049349166,0.049329138
3.60402251,-0.446124074
6.056854872,-0.224403065
5.378277645,-0.786368116
5.69156576,-0.55770604
4.037942732,-0.781052869
0.71501239,0.655626772
1.460911886,0.993968777
2.501690393,0.597117042
3.290098451,-0.147960542
2.364821551,0.70098029
3.349843554,-0.206748908
4.776901337,-0.9979198
3.057227458,0.084265153
5.371805445,-0.790349872
5.105054122,-0.92389252
3.218409429,-0.076741251
2.765165992,0.367599675
5.529548603,-0.684295182
5.705509778,-0.546078125
5.110974612,-0.921610854
0.403583816,0.392716747
3.780399194,-0.596237747
3.068859384,0.072669159
5.35392375,-0.801178256
0.478134816,0.460123965
4.596985484,-0.993348404
4.508256394,-0.979237193
2.97052956,0.170230022
5.632011635,-0.60612033
1.518386097,0.998626898
5.834515909,-0.433767013
1.971228883,0.920892463
0.903224155,0.785327002
1.199835548,0.931979483
6.277493647,-0.00569163
3.647360005,-0.484478864
6.058877671,-0.222431397
1.468930408,0.994816152
2.259695099,0.771946519
2.951229339,0.189215659
0.296095129,0.291787497
3.908383987,-0.693828123
5.344736244,-0.806642405
4.060408759,-0.794883835
4.834866278,-0.992509027
3.923197214,-0.704419217
5.625430866,-0.611341334
0.477781678,0.4598104
0.369115896,0.360791016
0.335492192,0.329233961
3.39295173,-0.248720557
0.172192006,0.171342349
5.189563095,-0.888296315
4.822905971,-0.993899211
3.945219664,-0.719878329
1.908359961,0.943564363
4.523918302,-0.982291913
3.800217666,-0.612030043
2.745940864,0.385409707
2.207184114,0.804247717
2.223794275,0.794265906
2.855367211,0.28233325
1.409741433,0.98705867
5.089137009,-0.929865946
6.038655566,-0.242100082
3.585085761,-0.429097255
4.105575904,-0.821469537
1.602624711,0.99949352
4.794681835,-0.996615854
3.404609032,-0.259994375
4.817496149,-0.994481325
3.319612121,-0.177080689
4.795100588,-0.996581345
0.53358613,0.508624223
1.84829858,0.961742706
3.340665491,-0.197760565
3.179746121,-0.038144212
5.377805612,-0.78665963
2.906609626,0.232826479
4.714135176,-0.999998475
3.264608387,-0.122705705
2.625655827,0.493349946
1.086743414,0.885116092
2.735558357,0.394969174
3.788729546,-0.602904655
2.618867561,0.499243178
2.051919474,0.886475717
3.279676967,-0.137645916
0.355209475,0.347786771
5.395646492,-0.775520296
4.848059931,-0.990810805
0.03993597,0.039925356
1.371421721,0.980190633
2.736671951,0.393945877
2.571504712,0.539706085
1.904579164,0.944809776
2.122905005,0.851420448
5.564698681,-0.658246154
0.928753291,0.800873993
1.964460299,0.923509855
5.090078115,-0.929519302
0.978102895,0.829439147
6.217038716,-0.066098366
0.515846191,0.493271106
4.267769967,-0.902774599
4.439963046,-0.963120988
4.246507398,-0.893425897
6.081040706,-0.200770725
2.17500599,0.822951354
5.11208906,-0.921177747
3.451396492,-0.304871819
0.774296164,0.699213066
5.85137347,-0.418517015
1.879139677,0.952837638
1.982846369,0.91630173
2.772513078,0.360757142
0.902252794,0.78472528
0.498011191,0.477679247
3.45651651,-0.309744073
0.362866373,0.354955411
2.080750997,0.872766636
3.017512037,0.123762471
3.665050658,-0.499878083
2.810302589,0.325263214
5.217608642,-0.87506818
4.568594455,-0.989679369
6.273881625,-0.009303548
1.466934543,0.994611212
5.167704164,-0.898122472
3.852241281,-0.652325528
5.462623456,-0.731529021
0.581515239,0.549290748
2.765087174,0.367672974
5.146956824,-0.907052073
2.512316852,0.588559432
2.056253679,0.884461635
5.989299165,-0.289673928
4.333679426,-0.929142515
4.825590219,-0.993599579
2.731508022,0.398686944
3.964261491,-0.732963961
3.656439898,-0.492401901
5.48231118,-0.717964827
4.71961863,-0.999973866
0.49107661,0.471575544
0.925215191,0.798750254
5.954551672,-0.322750087
3.318623181,-0.176107292
1.484051374,0.996240015
3.793004184,-0.606309499
1.937426079,0.933540782
2.924162289,0.215721205
2.439712772,0.645654361
0.880203401,0.77086846
3.969619964,-0.736598616
0.592311282,0.558280073
2.845588641,0.291700344
5.946519876,-0.330341564
1.318493206,0.968340051
1.322915329,0.969434495
1.962560993,0.924236714
1.486133496,0.996418243
6.095865475,-0.186226284
4.319475665,-0.923797528
4.342969986,-0.932537289
3.478264342,-0.330347469
5.273545097,-0.846640432
4.881896529,-0.985667961
6.151603218,-0.131202719
3.254213858,-0.112383283
0.011418367,0.011418119
4.491399484,-0.975681034
0.328239913,0.322377411
2.573461928,0.538057363
3.017499964,0.123774451
3.137131208,0.004461431
1.892707856,0.948632381
5.512287456,-0.696779535
1.091133227,0.887150446
4.671478588,-0.999163287
5.624601382,-0.61199755
2.843133021,0.294048288
0.948799881,0.81271683
4.170068341,-0.856513249
2.32145055,0.731242768
0.06855286,0.068499179
3.498730881,-0.34959447
5.070150313,-0.936683103
1.241277873,0.946198276
1.554984944,0.999875003
2.968758933,0.171974538
2.184981355,0.817243381
6.029812334,-0.250670662
4.541010656,-0.985350643
1.560739387,0.999949429
3.728438322,-0.553737197
0.530685285,0.506124491
1.104700521,0.893329645
4.546104854,-0.986206621
3.998060368,-0.755533244
3.614862608,-0.455799247
4.61108039,-0.994872672
0.41077985,0.399324423
1.252170594,0.94966682
4.265977139,-0.902002028
5.894256843,-0.379197124
2.84274261,0.294421416
3.747331631,-0.569369731
1.792059357,0.97562104
5.294071473,-0.83553942
1.649395324,0.996912689
6.077140393,-0.204590083
6.006294519,-0.273366192
2.553723424,0.554589218
5.995653821,-0.283585918
1.351640089,0.976081236
0.62750777,0.58712914
6.14416476,-0.138573178
5.215008436,-0.876323718
3.665154901,-0.499968365
5.875039724,-0.39690792
4.024961245,-0.772880804
1.434795124,0.990766082
4.221350875,-0.881843824
0.798260788,0.716143286
4.89659987,-0.983081099
0.426757689,0.413921467
5.297420251,-0.833694818
4.263616729,-0.900980452
0.710676512,0.652346662
0.472458519,0.455076852
0.866062373,0.761783932
2.640132301,0.480706607
5.34930353,-0.803934554
4.669552013,-0.999082637
5.54068819,-0.67612985
0.532838967,0.507980781
0.866224383,0.761888877
2.62229642,0.496269273
3.428247265,-0.282744933
3.352088745,-0.208945067
3.86460577,-0.661646954
4.825757486,-0.993580671
2.631370564,0.488371063
2.335298649,0.721726928
1.65723901,0.996266157
0.193716182,0.192506889
2.332971629,0.723335685
3.65855952,-0.494245645
2.025214372,0.898516623
0.70015321,0.644334861
3.330470739,-0.187757051
0.145512109,0.144999146
5.811931127,-0.454004116
3.077810733,0.063738684
0.569330179,0.539068005
0.204279719,0.202861908
5.049253806,-0.943795571
2.938023154,0.202166405
5.230671654,-0.868671205
5.342389121,-0.808027425
2.269081048,0.765946075
4.917961691,-0.978944239
1.336742667,0.972734254
0.511771727,0.489722745
3.754441037,-0.575199805
6.040609983,-0.240203345
1.161645841,0.917459116
5.330296458,-0.815092503
1.909372475,0.943228546
4.265494616,-0.901793602
3.02035043,0.120945405
5.03619053,-0.948032722
2.34612025,0.714194342
6.263990347,-0.019193782
3.181772829,-0.040169365
5.770452409,-0.490560543
0.125248009,0.124920803
2.399803907,0.675607765
3.496479,-0.347483796
4.820679815,-0.994142275
1.885476732,0.950895346
1.636705065,0.997828805
3.567376403,-0.413034681
1.362298875,0.978343032
1.467502618,0.994669947
4.020710504,-0.770176516
1.084633067,0.884132029
5.644609505,-0.596052493
3.591028402,-0.434457387
0.108602571,0.108389211
5.83784401,-0.430765914
1.462005448,0.994088107
2.476776614,0.616914361
2.714090917,0.414598668
3.153036104,-0.011443201
0.798996107,0.716656311
1.127245515,0.903233532
4.471726262,-0.971180232
4.537830899,-0.984803384
4.166300539,-0.854562517
0.467025659,0.450232458
0.60034934,0.564930762
3.853111028,-0.652984496
2.261143152,0.771025202
4.653470028,-0.998264781
4.021543943,-0.770707842
1.141060685,0.909075921
1.754309345,0.983208689
3.222362427,-0.080681982
5.666681529,-0.578186116
5.714709248,-0.538348415
1.474554319,0.995372312
4.958396047,-0.969892563
1.468881414,0.994811169
5.284479283,-0.840771143
0.743824174,0.677107007
6.018474868,-0.261629805
6.272549073,-0.010636033
0.461607806,0.445388211
0.97194488,0.825983592
2.835605926,0.301234216
5.571613524,-0.653024946
5.458221682,-0.734523099
4.460711988,-0.968496165
3.805539861,-0.616230331
4.702726691,-0.99995332
5.048388908,-0.944081092
5.167611039,-0.89816342
6.12900223,-0.153572919
2.01170471,0.904364374
0.038963102,0.038953244
2.122221773,0.851778594
5.826270524,-0.441181482
5.04286566,-0.945887771
4.745770636,-0.999442884
2.137745496,0.843543381
1.148366817,0.912095589
3.450145934,-0.303680558
2.847601112,0.289774808
3.632619117,-0.471531322
3.0261414,0.115194949
3.067926222,0.073599822
6.016750286,-0.263293926
2.868719628,0.269499271
1.417627487,0.988292569
2.676801707,0.448235935
3.005413321,0.13575882
4.892890302,-0.983753818
0.655135269,0.609266512
3.026108797,0.115227336
2.840552975,0.296513289
3.245566851,-0.103786961
3.542899554,-0.390621744
4.866813417,-0.988100223
5.764772833,-0.495501827
1.255091802,0.95057787
3.436023328,-0.290195071
5.842969993,-0.426134261
1.734878357,0.986568718
0.460734472,0.444606113
4.858425491,-0.989355606
4.347602071,-0.934199802
2.654517855,0.468042877
1.926163975,0.937518635
1.794020024,0.975188873
2.604969812,0.511236447
0.218595052,0.216858323
2.014320485,0.90324497
5.462428373,-0.731662017
5.780833209,-0.481488371
3.473795287,-0.326126025
5.538528056,-0.67771982
2.416914923,0.66289419
3.616798824,-0.457521783
2.54509393,0.56174929
6.03053729,-0.249968786
5.103044391,-0.924659682
3.504096537,-0.354616503
0.432689463,0.419313921
6.166007863,-0.116909476
5.005734205,-0.957281941
3.381284432,-0.237403228
2.818062721,0.317915331
3.068282499,0.073244506
3.846401121,-0.647887945
1.185929998,0.926848626
1.705878039,0.99089033
1.74692433,0.984529518
6.153607173,-0.129215825
2.607515737,0.509046723
3.194336465,-0.05271936
1.129324557,0.904123799
3.372863074,-0.229214304
0.188795022,0.187675464
2.044213795,0.89001536
3.557482725,-0.404004289
4.417924888,-0.956957815
0.762712337,0.690884908
2.811394196,0.324230772
0.257760177,0.254915367
5.168431743,-0.897802285
0.079344205,0.07926098
0.861872947,0.759063214
0.900424866,0.78359094
2.430053592,0.653000164
1.376969674,0.98127435
0.138503462,0.138061063
0.430393265,0.417228234
6.244980519,-0.038195494
1.267015457,0.95421234
5.198252345,-0.884272112
3.790722934,-0.604493807
4.277194042,-0.906787876
3.783961295,-0.599093641
3.384077474,-0.240115491
3.281783928,-0.139732515
5.048429319,-0.944067768
4.915851148,-0.979372879
2.528521507,0.575382014
5.730146672,-0.525275323
1.334522507,0.972216952
5.601013376,-0.630480374
3.105886647,0.03569842
4.273439199,-0.905198494
3.231035502,-0.089323638
1.589534935,0.999824437
0.183814907,0.182781533
5.915568469,-0.35939252
2.998256991,0.142845359
1.169079444,0.920391051
6.076023108,-0.205683607
5.531748204,-0.682689568
6.048298282,-0.232733114
0.304655516,0.299964573
3.701818654,-0.531377664
0.469794217,0.452702806
0.50257968,0.481687823
3.509298658,-0.359475727
4.693709815,-0.999825549
1.79150651,0.97574222
3.362859762,-0.219466015
4.734865974,-0.999747403
1.589428534,0.999826425
2.258593386,0.772646396
2.590507086,0.523612393
3.005843446,0.135332664
0.63977448,0.597014537
0.031030511,0.031025532
1.915019581,0.941337862
1.676294751,0.994440201
6.219950691,-0.063192483
0.031337643,0.031332514
1.417527443,0.9882773
0.905500453,0.786734179
5.710106634,-0.542221425
3.820964039,-0.628304106
1.623773839,0.99859702
4.855160496,-0.989825448
4.549300191,-0.986730474
4.248980073,-0.894533916
4.72321285,-0.999941422
0.798973854,0.716640791
2.832594182,0.304104694
1.547049583,0.999718059
6.007748504,-0.271967301
0.9458876,0.81101652
3.450444934,-0.303965424
3.901457551,-0.688823512
5.900422635,-0.373484647
5.058829,-0.940587467
2.408079113,0.669483714
4.740778584,-0.999597042
0.562076294,0.532944202
5.480806377,-0.719011476
3.695002719,-0.525591349
5.620325548,-0.615373529
2.363077189,0.702223269
3.638605284,-0.476801739
4.786876676,-0.997227074
3.062568839,0.078941593
1.111228136,0.896244115
5.934475814,-0.341685255
5.271415749,-0.847771677
4.282601353,-0.909054261
1.377574125,0.981390597
0.851971422,0.75258005
0.630353086,0.589430024
0.782374848,0.704965746
0.481668261,0.463258272
4.278104953,-0.907171528
2.404220744,0.672344823
2.303629312,0.743282183
6.210612749,-0.072508871
3.500119765,-0.35089538
3.181270808,-0.039667744
1.251733118,0.949529685
4.027461945,-0.774465208
0.473853144,0.456318256
1.676084213,0.994462349
2.474577826,0.618643381
4.468798323,-0.970478206
3.85894899,-0.657394848
5.09469456,-0.927806981
6.138388249,-0.144291615
5.041646349,-0.946282727
1.095238689,0.889037554
5.116038852,-0.919633535
4.357276506,-0.937607388
0.015340506,0.015339904
6.20311973,-0.079980061
0.791832692,0.71164201
6.014629896,-0.265338907
4.101493834,-0.819134889
1.468688297,0.994791503
2.041393144,0.891297839
4.690638724,-0.999763472
0.101366852,0.101193347
2.831615955,0.305036446
0.594415786,0.560024843
1.257983133,0.951471614
2.18269667,0.818557893
2.113212298,0.856464042
3.735337852,-0.559469151
6.160786812,-0.122093107
3.950998294,-0.723877236
1.774737824,0.979275912
0.29193749,0.287808275
6.092814194,-0.189223317
0.657406921,0.611066281
2.944115133,0.196196503
5.810615206,-0.455176208
4.14399232,-0.842765106
5.845440611,-0.423897893
1.81528928,0.970260188
4.875837589,-0.986671988
3.160230825,-0.018637092
4.046746848,-0.786520389
2.625601702,0.493397025
4.413203139,-0.955576773
4.552331321,-0.987218096
4.670233389,-0.999111585
5.938717415,-0.337695876
5.976298949,-0.302091937
3.625839172,-0.465541641
5.175707135,-0.894574479
3.547725983,-0.395060153
5.526146095,-0.686772343
2.406056114,0.670985081
2.309522355,0.739326983
3.714368017,-0.541966548
0.713114885,0.654192815
0.673946743,0.624074685
0.341578905,0.334975196
3.279346819,-0.137318903
0.76135691,0.689904348
2.897131522,0.242033513
3.325765466,-0.183133398
0.799722331,0.71716261
5.636129174,-0.602840222
4.49164697,-0.975735252
1.89516091,0.947853429
4.630319964,-0.996634228
0.016235021,0.016234307
5.666631658,-0.578226805
0.471355894,0.454094741
4.46127269,-0.968635643
0.370383339,0.361972803
1.598611671,0.999613178
2.768355684,0.364631448
4.892164084,-0.983883931
3.494782569,-0.345892577
1.80040831,0.973754781
2.300273214,0.745523148
4.139488762,-0.840332386
5.976237194,-0.302150806
2.512387195,0.588502561
3.873866541,-0.668562352
3.567250861,-0.412920345
4.751793736,-0.999223733
4.303361844,-0.917508181
3.376740359,-0.232986628
1.282999539,0.958871563
4.984824281,-0.963118468
3.121358747,0.020232526
0.435894396,0.422221334
3.125141911,0.01645
0.732240341,0.668537405
4.244751857,-0.892635913
3.607951458,-0.449636916
4.247188095,-0.893731466
0.581111732,0.548953521
2.842890743,0.294279845
1.128707165,0.903859833
1.853080939,0.960421565
1.668208429,0.995259192
3.233524398,-0.091802306
5.103232653,-0.924587976
5.766921659,-0.493634199
2.37545483,0.693357356
1.398714975,0.985230504
4.546083772,-0.986203132
4.738967887,-0.999646802
1.44533757,0.992140367
4.260115464,-0.899455875
3.643084671,-0.480734373
2.431585429,0.65183925
5.979945358,-0.298613892
2.297536393,0.74734439
5.831162368,-0.436786192
4.954673708,-0.970792354
1.478410486,0.995735463
0.641034041,0.598024522
5.336112352,-0.81170941
4.435303464,-0.961856789
1.881275453,0.952187299
5.245436927,-0.861262226
5.359181528,-0.798020807
2.283703199,0.756463877
6.156668226,-0.126179834
0.155053299,0.154432759
3.861458557,-0.659283852
5.151180174,-0.90526588
2.104012641,0.861176656
0.219848212,0.218081491
3.242823283,-0.101057822
1.243874218,0.94703523
0.382952297,0.373660543
4.315989267,-0.922457039
3.827398561,-0.633296916
0.84354385,0.747003827
0.616522192,0.578201139
3.368476008,-0.224941848
4.220053678,-0.8812314
3.45699183,-0.310195982
3.466221088,-0.31895665
6.015953146,-0.264062856
4.008147443,-0.762102842
4.194432133,-0.86883257
4.395491588,-0.950206824
0.144030643,0.143533178
5.831637255,-0.436358952
6.238139037,-0.045031037
2.037718533,0.892957954
0.942944244,0.809291078
4.047809324,-0.787176093
1.623791306,0.998596095
2.810560398,0.325019413
3.472104524,-0.324527237
3.009610759,0.131599058
1.710066575,0.990317564
0.246127539,0.243650038
2.435846752,0.648601736
5.590284803,-0.638771504
4.06194872,-0.795817282
0.008317315,0.008317219
3.52375654,-0.372929124
1.174431688,0.922470581
2.282349519,0.757348538
2.354207622,0.708510313
2.197151037,0.810169738
5.046257255,-0.944781781
2.356638171,0.706792982
3.661178629,-0.496520797
3.500490256,-0.351242289
1.941726274,0.931990659
6.108612299,-0.173687651
1.165937383,0.919157967
5.933588102,-0.342519405
4.367103707,-0.940978936
2.190119033,0.814271802
4.258650081,-0.89881452
1.678637115,0.994190815
4.135813771,-0.838334608
1.523119191,0.998863661
4.135288824,-0.838048315
3.738733783,-0.562280642
2.201613393,0.807545869
4.182794077,-0.86301179
0.270654789,0.267362446
1.867908081,0.956186038
3.744513495,-0.567050736
1.323223654,0.969510097
4.026746235,-0.774012239
5.756516253,-0.502656579
2.46366439,0.62718075
3.856482751,-0.655534426
4.134366857,-0.837544937
2.108506192,0.858883872
1.600613994,0.999555486
5.170630159,-0.896831937
4.94080839,-0.974025518
0.273565558,0.270166115
1.811553811,0.97115764
1.395226223,0.984627119
4.353219116,-0.936188937
2.692587964,0.434069094
4.896132472,-0.983166605
2.42942367,0.653477111
0.799589596,0.7170701
4.535134535,-0.98433152
5.858370349,-0.412152194
4.675327685,-0.999313309
3.426743552,-0.281302259
4.897959111,-0.982831217
5.727925193,-0.527164353
4.165202704,-0.853991843
1.299452896,0.963411692
0.064021971,0.063978245
1.267383794,0.954322456
5.441731591,-0.745612634
5.343098264,-0.807609434
3.899330983,-0.687280344
5.812558348,-0.453445173
5.011743361,-0.955527083
0.389281638,0.379523898
5.372224331,-0.79009317
0.889161385,0.77654364
0.069287645,0.06923222
2.709059617,0.419171906
4.985523693,-0.962930036
0.322812271,0.317234821
1.900167709,0.946245856
1.569604332,0.99999929
1.62580176,0.998487583
4.875862811,-0.986667883
5.405802518,-0.769068682
5.71642239,-0.536903923
3.202714063,-0.06108336
4.754635804,-0.999107736
4.395054102,-0.950070404
5.80631553,-0.459000426
1.99394701,0.911799687
3.426383882,-0.280957095
0.399666516,0.389111162
0.526390455,0.502415714
2.515499077,0.585983773
1.687365169,0.993213542
1.586876388,0.999870719
4.677962869,-0.99940748
2.929595757,0.210412509
1.816432565,0.969982805
5.120955318,-0.917691351
0.767878766,0.694610817
1.608102127,0.999304219
1.265587622,0.953784259
0.158692612,0.158027382
4.627960017,-0.996437992
1.150627941,0.913020266
4.332937043,-0.928867784
5.111714044,-0.921323617
0.474691572,0.457064143
4.179858798,-0.861525219
5.045746633,-0.944948989
1.68452717,0.993539616
1.820776052,0.968917438
6.190042079,-0.093008607
1.647998849,0.997021365
1.196603148,0.930802835
1.705330996,0.990963853
1.221835475,0.939728527
2.816974013,0.318947368
3.831542865,-0.636498782
2.890507913,0.248454832
6.271898799,-0.011286269
3.820332776,-0.627812879
5.878046554,-0.394146285
3.211154428,-0.069505688
2.928165456,0.211810574
4.683535182,-0.999583758
1.685673062,0.993408921
0.755369959,0.685558052
6.165169445,-0.117742103
3.480202501,-0.332176197
5.122555585,-0.9170544
5.888306552,-0.384696278
4.229351863,-0.885588356
4.992008031,-0.961160646
2.442122484,0.64381236
1.036695833,0.860726886
3.076742148,0.064805059
1.271771874,0.955624328
4.961370816,-0.969163817
2.117693173,0.854142394
5.600320655,-0.631017916
5.340245896,-0.809288239
3.249705024,-0.107901885
2.99542229,0.145650412
4.680866093,-0.999503195
3.564670449,-0.410568818
3.994681976,-0.753315718
4.099579548,-0.818035353
3.876820478,-0.670756145
5.990299647,-0.288716197
5.810687557,-0.455111786
2.007961987,0.905955284
1.176983218,0.92345264
5.975047725,-0.303284466
2.491163044,0.605528355
5.664511027,-0.579955676
5.601579623,-0.630040749
1.991319403,0.912875526
3.705509758,-0.534500901
2.217013044,0.798367687
4.95913031,-0.969713484
5.413783258,-0.763943226
2.535215316,0.569894399
5.232969622,-0.867530524
5.425791628,-0.75613953
4.749061938,-0.999327622
3.059149346,0.082349947
5.977745648,-0.300712514
3.736768069,-0.560654016
5.778570089,-0.483470654
3.08413793,0.057423118
0.14750333,0.146969034
1.753939564,0.983276101
2.788774921,0.345543343
6.172511431,-0.110448079
5.606772844,-0.625999413
2.126878584,0.849329655
4.055695237,-0.792015032
2.262539063,0.770135528
3.10824028,0.033346191
4.058098257,-0.793479791
0.349420115,0.342353022
1.724665892,0.988185416
3.237260528,-0.09552201
2.699535949,0.427799369
4.520068318,-0.981563313
0.163163548,0.162440545
3.260496402,-0.118623767
3.094702889,0.046872584
4.7330754,-0.999786044
2.016095504,0.902481842
5.473533796,-0.724046848
1.330247064,0.971207267
3.913672372,-0.697626784
0.652729015,0.607356674
0.219284555,0.217531367
2.526843116,0.576753933
5.150535504,-0.905539578
3.345161531,-0.202165796
4.707972543,-0.999990248
0.134452102,0.134047377
2.680885571,0.444581579
4.917441668,-0.979050258
1.018685216,0.851419173
4.949054089,-0.972125284
4.508751608,-0.979337462
0.137470266,0.137037688
1.608818381,0.999277249
3.861488411,-0.659306298
3.254586756,-0.112753811
1.113118545,0.897081025
5.204834168,-0.881179454
5.353295926,-0.801553804
4.329681158,-0.927656845
2.215974893,0.798992401
4.258997487,-0.898966744
1.964989206,0.923306851
1.247682366,0.948251269
3.28174531,-0.139694276
2.728843465,0.401129156
5.137392192,-0.911037409
0.336861856,0.330526955
1.595772446,0.999688113
3.537517092,-0.385661278
0.164046817,0.16331202
0.436636026,0.4228935
4.961443425,-0.969145923
1.274279702,0.956360099
1.924805889,0.937990296
4.14811755,-0.844978464
1.92020976,0.939573684
0.673887721,0.624028567
4.106108134,-0.821772926
6.144220512,-0.138517964
1.565054545,0.999983516
4.038339011,-0.781300271
2.722976969,0.40649606
6.257042696,-0.026139633
4.19096951,-0.867112999
0.092981606,0.092847684
1.994142745,0.911719293
6.031271454,-0.249257861
5.12157881,-0.917443463
4.331549462,-0.928352914
3.371417086,-0.227806576
2.703647367,0.424079562
0.429647545,0.416550407
4.261610815,-0.900108355
3.091618575,0.049953281
0.294226358,0.28999954
2.513958192,0.587231692
3.84369184,-0.645821813
6.223024623,-0.060124401
1.620817412,0.998749206
0.584340975,0.551649825
2.417231237,0.662657328
3.67312347,-0.506853548
3.738769063,-0.562309815
3.768033935,-0.586265491
4.748953573,-0.99933159
1.023500035,0.853934598
4.819893586,-0.994226943
2.895923671,0.243205275
1.449228554,0.992619734
5.269282285,-0.848901253
5.801809835,-0.462998775
0.572171771,0.541459191
1.029830057,0.857211487
2.36598547,0.700149731
0.248249174,0.245707184
4.448073387,-0.965271527
4.836545853,-0.992302431
1.568469196,0.999997292
2.153330406,0.83507123
4.795862988,-0.996518068
4.741292985,-0.999582308
2.967719463,0.172998428
4.102471635,-0.819695365
3.220836693,-0.079161128
0.04490445,0.044889361
2.810094611,0.325459876
5.392467624,-0.777523266
4.879089699,-0.986137582
2.378317766,0.691291503
4.811324397,-0.995109882
0.726249735,0.66407035
0.759861236,0.688820857
2.247000231,0.779954069
5.265900226,-0.850683987
4.542144924,-0.985543447
1.457500076,0.993588842
5.955427511,-0.321920996
3.984552309,-0.746615315
1.655221726,0.996438292
2.557679058,0.551293308
2.499856649,0.598586983
3.064928195,0.076589382
5.756850523,-0.502367579
2.830599651,0.306004156
3.397902172,-0.253512365
5.716611463,-0.536744403
1.65098913,0.99678628
1.838432821,0.964398625
0.175782656,0.174878786
3.224749299,-0.08306084
5.716368004,-0.536949805
2.899444371,0.239788785
4.259246183,-0.899075649
2.362775506,0.702438022
3.62291939,-0.462955577
4.096659768,-0.816352504
4.779104608,-0.997775338
5.405620345,-0.769185108
1.230004696,0.942490372
4.959347581,-0.969660394
2.128025051,0.848723919
5.660672784,-0.583078213
5.632910571,-0.605405096
1.952109381,0.928176796
1.131134093,0.904895479
1.132693321,0.90555804
0.421465811,0.40909843
4.470070489,-0.970784253
1.547984018,0.999739811
3.569995671,-0.415418669
2.25522454,0.774780674
3.214029995,-0.072374009
3.395488218,-0.251176533
1.374737164,0.980841889
1.535714568,0.999384698
2.878847903,0.25973208
2.172089089,0.824604977
3.032249691,0.109125211
4.996147464,-0.960009974
2.516402527,0.585251448
2.228930076,0.791135085
2.792671898,0.341883795
1.567909274,0.999995832
5.310620232,-0.826333034
2.86856457,0.269648588
5.869130504,-0.402324785
0.287083733,0.283156518
0.719635829,0.659110843
1.212518859,0.936502239
0.48392991,0.465261411
4.382622379,-0.946117949
0.039258653,0.039248569
0.540829922,0.514847645
3.899279557,-0.687242988
3.016862605,0.124406883
3.282558075,-0.140499025
5.130144996,-0.914001649
2.674095732,0.450653203
5.100243265,-0.925722706
5.610262196,-0.623274529
0.69921477,0.643616912
0.346432602,0.339544516
4.216776945,-0.879677809
2.601515082,0.514202524
3.475226309,-0.327478474
4.902608091,-0.981962831
2.307518991,0.740674457
4.314840837,-0.922013023
2.35036314,0.711218122
2.840598817,0.296469508
5.970093393,-0.308001707
3.756190251,-0.576629804
4.659323182,-0.998592341
0.126321166,0.125985482
5.134297198,-0.912309183
1.043415506,0.864128192
6.069380431,-0.212179668
4.627050465,-0.996360878
1.075434813,0.879796922
0.718432909,0.658205715
3.655526686,-0.491606866
2.367556914,0.699026862
2.716192352,0.412685439
3.574761742,-0.419749297
2.66929307,0.454935322
2.215942455,0.799011906
1.421080551,0.988813512
2.000323502,0.909162755
1.858683219,0.958845984
3.690855076,-0.522058284
5.141546264,-0.909316731
0.479437666,0.461280315
5.184521146,-0.890600634
4.712329752,-0.999999998
2.813312323,0.32241567
6.126357652,-0.156185585
4.867594463,-0.987979788
2.653905623,0.468583822
4.258601081,-0.898793041
2.718786017,0.410321552
4.787119394,-0.997208982
1.687751094,0.993168583
2.86513107,0.272953311
6.198466067,-0.084617934
1.20264818,0.932995405
5.89005382,-0.383082887
4.119697232,-0.829440087
3.610331951,-0.451761923
3.813782731,-0.622701126
5.728357837,-0.526796659
3.776885374,-0.59341315
5.750501216,-0.50784737
3.09601046,0.045566411
2.313616656,0.73656391
0.456103492,0.44045327
4.103528499,-0.820300279
2.013115292,0.903761493
3.225794679,-0.084102562
2.262401798,0.770223079
3.02226145,0.119048193
2.423143382,0.658218033
0.999008728,0.840934985
2.165719629,0.828191486
1.348563804,0.975407815
4.691303085,-0.999777701
0.065619447,0.065572366
0.767035121,0.694003664
2.87021179,0.268062019
3.408966778,-0.264199778
0.579417097,0.547536267
3.188679794,-0.047069742
2.880680058,0.257962368
4.284083589,-0.909670877
0.311148386,0.306152081
5.550202494,-0.669089381
3.920328848,-0.702380401
4.898313301,-0.982765805
5.696421764,-0.55366881
4.255228632,-0.897309541
0.71776328,0.657701445
5.011209436,-0.955684404
2.436270118,0.648279442
4.159180799,-0.850843262
3.67608558,-0.509404754
4.435535864,-0.961920337
5.869135346,-0.402320353
5.124481873,-0.916284568
2.009708777,0.905214358
1.542632967,0.999603439
5.793420983,-0.470417931
3.700701928,-0.530431315
4.377239334,-0.9443611
1.287740144,0.960206358
5.093711669,-0.928173211
1.273688842,0.956187288
0.455303059,0.43973452
5.068411757,-0.937290491
1.304696288,0.964803807
3.196007246,-0.054387743
2.345072881,0.714927053
0.706081619,0.648857224
2.253844352,0.775652533
3.905041364,-0.691417092
4.193623147,-0.868431752
4.195672678,-0.869446102
5.091853944,-0.928862959
2.955261485,0.185254824
1.797742408,0.974358078
4.532557923,-0.983873924
4.343210997,-0.932624285
3.916358077,-0.69954847
1.408936998,0.986929352
6.250513827,-0.032665668
5.767915535,-0.492769612
1.597520012,0.999642944
1.478791196,0.995770513
0.761077663,0.689702174
3.646361348,-0.483604995
3.555930047,-0.40258348
5.679029698,-0.56806736
6.276059104,-0.007126142
1.530867155,0.999202937
3.16024382,-0.018650085
2.488439869,0.607693275
2.461214832,0.629086763
5.524216282,-0.688173792
5.976215055,-0.30217191
4.954020406,-0.970948888
2.422668068,0.658575788
2.21438555,0.799947128
2.35274495,0.709541763
2.700457028,0.426966649
1.1027938,0.892471137
1.915256548,0.941257867
5.646423578,-0.594594911
2.361016112,0.703689174
4.91484114,-0.979576463
1.177280225,0.923566564
5.70921775,-0.542968083
3.737242748,-0.561047011
6.068686421,-0.212857825
4.020217014,-0.76986166
1.99995231,0.909317272
1.671616618,0.994921938
2.11139016,0.857403219
3.3570112,-0.21375632
3.691757247,-0.522827542
0.989357013,0.835673006
0.759757843,0.688745901
2.915675566,0.22400024
4.253619138,-0.896597945
1.425635983,0.989482725
1.580007152,0.999957581
2.892003782,0.24700559
0.470711035,0.453520107
2.080359488,0.872957679
3.978649243,-0.74267528
3.006018506,0.135159213
3.53726447,-0.385428186
1.575230346,0.99999017
4.932792415,-0.975809329
4.914316499,-0.979681819
0.682023024,0.630364784
5.492218586,-0.711033362
2.190509372,0.814045154
0.395554579,0.385320005
3.486376916,-0.337993644
4.270267268,-0.903845906
6.037974715,-0.242760623
4.116416269,-0.827602894
6.210868739,-0.072253552
6.269099027,-0.014085814
4.791850384,-0.996844603
3.354166919,-0.210976917
0.786602979,0.707958201
2.063609868,0.881005243
4.008415077,-0.762276096
4.739061205,-0.999644317
4.757965196,-0.998961584
4.939095994,-0.974411841
3.506120795,-0.35650848
5.965818257,-0.312066184
0.245068282,0.242622567
3.550263294,-0.397389792
1.639314632,0.997653539
1.520507852,0.998735801
1.441291402,0.991625951
5.154091036,-0.90402538
2.97744221,0.163414254
1.756168204,0.982867777
2.892873394,0.246162832
0.087955391,0.087842029
4.241690849,-0.891251897
4.90481201,-0.981543742
3.591231745,-0.434640527
2.612076184,0.505116089
2.661360118,0.461985421
5.314222901,-0.824298718
2.086554962,0.869918818
5.186431885,-0.889730031
4.644445729,-0.997692745
0.960846737,0.819676895
2.516611862,0.585081695
2.84580732,0.29149117
2.173517077,0.823796311
2.479045864,0.615126805
3.62198492,-0.462127079
1.466955685,0.994613403
3.831976115,-0.636832879
5.822607964,-0.444465363
2.3165036,0.734608207
1.589701045,0.999821311
1.516301066,0.998515501
0.484896202,0.46611653
5.708271354,-0.543762578
1.550922118,0.999802514
4.906260535,-0.9812657
1.776865817,0.978842712
3.60603877,-0.44792766
3.900577944,-0.688185592
5.52430702,-0.688107954
4.013860698,-0.765789465
1.595033616,0.999706291
5.541351845,-0.675640732
3.25083872,-0.109028893
1.025469578,0.854957853
2.496816016,0.601019935
5.054416958,-0.942076423
2.920623958,0.219174868
2.815107324,0.320716007
1.231766085,0.943077624
2.191656709,0.813378243
3.755598519,-0.576146255
1.14791424,0.911909949
4.703260746,-0.999958338
0.994678381,0.8385838
5.974367922,-0.30393218
2.190751962,0.813904233
4.641838387,-0.997512339
2.905792303,0.233621264
1.284505457,0.959297916
4.420695601,-0.957758276
5.8476574,-0.421889085
4.148592734,-0.845232497
0.556726437,0.528409814
2.983974364,0.156966467
5.211207482,-0.87814839
1.306590532,0.965300206
1.558244515,0.999921227
1.239275756,0.94554852
3.814778756,-0.623480167
1.518749879,0.998645889
4.176241203,-0.859682879
1.971737317,0.920694148
4.706324606,-0.999981612
3.658933082,-0.494570356
3.989627024,-0.749981672
0.862076851,0.759195943
6.260601063,-0.022582325
2.33071942,0.724888992
0.181316765,0.180324909
0.473897318,0.456357562
3.821758594,-0.628922046
0.999458766,0.841178432
3.694991911,-0.525582154
4.602731844,-0.993993679
2.8518121,0.285741935
2.720689426,0.408585014
1.540172007,0.999531112
4.399310378,-0.951389904
5.526266452,-0.686684854
0.490071138,0.470688654
2.254198858,0.775428734
5.407217187,-0.768163704
0.439205872,0.425220843
3.65561486,-0.491683647
4.403375206,-0.952633963
0.911781421,0.790595826
1.846261458,0.962298789
4.729252247,-0.999857818
5.614126423,-0.620248045
4.978147273,-0.96489362
6.179808015,-0.103193261
5.622855962,-0.613376999
0.261776457,0.258796896
5.263649284,-0.851865101
5.946353185,-0.330498893
1.126873695,0.903073903
2.570218862,0.540788135
0.061960293,0.061920656
1.625556365,0.998501044
1.218354964,0.938532776
1.281642009,0.958485357
1.99599227,0.910957924
0.096736549,0.096585743
3.390814625,-0.246650043
2.88573702,0.253073281
2.697751014,0.429412043
3.349790937,-0.206697428
0.956214831,0.817014835
2.240732008,0.783861605
5.640678212,-0.599204493
1.766554528,0.980900474
4.06236899,-0.7960717
6.05621769,-0.225023951
0.813704038,0.726836129
0.553027922,0.525266207
6.09812772,-0.184003138
1.257260154,0.951248878
3.340413599,-0.197513641
3.309518317,-0.167137552
2.995196155,0.145874132
0.718410219,0.658188633
3.110814109,0.030773685
5.346273134,-0.80573309
3.638589787,-0.476788118
4.123579515,-0.831602457
5.142880055,-0.908760925
2.652538302,0.469791301
2.191894497,0.81323989
3.273106032,-0.131134602
5.733181325,-0.522690624
0.634529984,0.592799052
6.166172804,-0.116745665
3.181229626,-0.039626594
1.87086668,0.955315696
5.686339492,-0.562036408
4.104468388,-0.82083747
5.325747215,-0.817719576
0.062844675,0.062803316
0.76181982,0.690239375
2.532208512,0.572362564
2.381456574,0.689020074
3.113257174,0.028331688
4.718664796,-0.999980307
5.888403593,-0.384606703
5.877493222,-0.394654764
1.857981144,0.959045085
2.876686996,0.261818218
2.566995758,0.543496465
3.823156691,-0.630008408
0.369338847,0.360998942
3.215150591,-0.073491621
5.906614822,-0.367733425
4.47446607,-0.971829609
5.883915386,-0.388745792
2.840416616,0.296643514
0.975526837,0.827997417
1.929226611,0.936448641
6.170339296,-0.112606662
5.677624868,-0.569222949
1.33296409,0.971850975
2.976003408,0.164833545
4.138835701,-0.839978201
1.26263608,0.952893191
6.270176324,-0.013008617
4.608718756,-0.994631053
5.141957076,-0.909145713
1.282171356,0.958636162
3.412875351,-0.267967443
1.25834286,0.951582253
0.508375587,0.486758906
4.150902901,-0.846464791
5.655635287,-0.58716334
5.989374585,-0.289601741
1.209104323,0.935299435
2.35066371,0.711006799
1.613932408,0.999069784
5.257112039,-0.855270829
3.073161802,0.068377457
0.99032903,0.836206469
1.710766754,0.990220122
0.096631586,0.096481271
3.363857968,-0.220439776
4.490889588,-0.975569141
0.266327938,0.26319062
5.116409104,-0.919488045
3.077820537,0.0637289
1.499177435,0.997436463
5.10037088,-0.925674434
1.687586703,0.993187753
1.657251274,0.996265098
4.285523331,-0.910267902
1.740543097,0.985627577
1.317703348,0.968142573
0.832818867,0.739830822
0.131342066,0.130964767
4.714964299,-0.999996684
3.034733085,0.106656314
2.908996872,0.230504178
2.086463607,0.86996387
2.49894788,0.599314712
3.591926272,-0.435265915
6.205471842,-0.077635266
6.1437365,-0.138997294
2.982702218,0.158222716
3.53267568,-0.381189893
4.883576898,-0.985383097
0.416910996,0.404937976
3.29220654,-0.150045098
6.256888103,-0.026294174
5.692736176,-0.556734168
2.987438472,0.153544366
0.688272986,0.635204281
0.702321279,0.645991362
2.810660048,0.324925172
0.614332312,0.576413044
1.873732152,0.954464778
0.183314572,0.182289605
3.378160087,-0.23436705
5.02680314,-0.950977719
4.77425203,-0.998087092
0.250310221,0.247704524
0.964210685,0.821599211
4.085795834,-0.810029945
3.326158627,-0.183519895
6.056630563,-0.224621647
1.451728645,0.992919814
3.223575791,-0.08189133
1.664086257,0.995651649
5.627796197,-0.609467781
4.134587921,-0.837665699
1.070209694,0.877301164
3.008016448,0.133179336
5.568020763,-0.655741654
2.223498287,0.794445705
4.636274264,-0.997104673
1.878450388,0.953046598
2.32742782,0.72715253
4.20788981,-0.87541667
2.721675771,0.407684558
4.73249722,-0.999797836
0.182642691,0.18162894
0.543605669,0.517225256
1.6666726,0.99540739
2.4050314,0.671744524
5.411845765,-0.765192024
1.237828968,0.945076628
4.845563394,-0.991145386
4.449818611,-0.965725995
0.977064399,0.828858598
3.701405952,-0.531028005
4.699693707,-0.999919416
5.418221047,-0.761072081
3.792868051,-0.606201237
0.286081049,0.282194728
0.687836733,0.634867283
5.740292346,-0.516615154
5.469431544,-0.726870279
1.004431626,0.843857132
4.805072025,-0.995708
4.817843741,-0.994444798
4.546370764,-0.9862506
5.17717202,-0.893918834
0.149388369,0.148833342
5.755522657,-0.50351528
2.968354797,0.172372639
5.420097289,-0.759853685
2.360088581,0.704347889
4.000443999,-0.757092638
0.414089868,0.402356887
5.101930582,-0.925083241
3.731376097,-0.556181064
1.80132394,0.973545976
2.555048472,0.553486126
1.818412937,0.969499329
3.600875557,-0.443305437
3.165817921,-0.024222898
5.007020803,-0.956909121
0.699341082,0.643713579
3.32664696,-0.183999913
1.734060323,0.986702012
2.819008155,0.317018805
5.575280325,-0.65024356
4.000200129,-0.756933293
3.511082146,-0.361139425
5.957973618,-0.319509386
5.44515912,-0.743324224
2.686692899,0.439372265
2.158767608,0.832067669
4.223226489,-0.882726702
0.948367107,0.812464595
1.599698614,0.999582358
2.147554452,0.838234876
3.513853817,-0.36372265
3.002965271,0.138183796
1.731053345,0.987186303
5.315924069,-0.823334401
0.873015634,0.766270019
0.518317099,0.495418981
6.063504098,-0.217918505
1.381755608,0.982184952
0.448802374,0.433886823
1.931822162,0.935534956
3.789137948,-0.603230433
4.076547191,-0.80457208
4.296148711,-0.914615553
2.098062411,0.86418593
4.427824668,-0.959784059
1.369822496,0.979872643
2.899874465,0.239371216
5.784708122,-0.478088588
4.386390289,-0.947331363
5.370369249,-0.79122895
3.879776106,-0.672945336
2.899097724,0.240125304
5.048340856,-0.944096934
3.677601062,-0.510708282
2.267012961,0.767274019
2.699499655,0.427832175
3.315959662,-0.173484779
0.458787597,0.442861404
5.932153729,-0.343866661
3.593459652,-0.436645908
3.793612725,-0.606793316
3.132339682,0.009252839
6.007040195,-0.272648844
5.735029511,-0.521114112
0.106961011,0.106757177
6.004093159,-0.275483039
2.516799655,0.58492939
1.909941591,0.943039364
1.429290132,0.990004694
2.280845196,0.758330021
1.259251016,0.951861022
1.754328836,0.983205132
1.387230539,0.983199058
4.732119532,-0.999805359
2.146915718,0.838583013
1.40417422,0.986150623
3.853749903,-0.653468228
2.740875443,0.390078837
2.192881483,0.812665139
4.935179345,-0.975284711
4.778422686,-0.997820567
4.940133807,-0.974178048
4.620880408,-0.995816011
2.286822281,0.754420211
3.03798066,0.103426707
4.411433685,-0.955053744
4.748439019,-0.999350268
2.089062504,0.868679377
3.565139521,-0.410996487
1.241413069,0.946242014
0.614672603,0.576691082
2.192456361,0.812912798
1.783317551,0.977502233
4.044998717,-0.785439605
0.217147145,0.215444645
3.89667699,-0.685350086
6.042446651,-0.238420046
3.220672168,-0.078997118
2.793766894,0.340854576
4.930603604,-0.976285516
5.095256596,-0.927597161
1.883829562,0.951403876
3.59291574,-0.436156522
4.474659315,-0.971875136
4.359518034,-0.938384402
0.281273451,0.277579281
5.802644106,-0.462259151
1.94068349,0.932368143
0.945593281,0.810844301
4.581447964,-0.991439467
4.583954215,-0.991763587
3.155323034,-0.013729949
4.388287917,-0.947937382
2.083031989,0.871650928
2.898315828,0.240884249
5.748672278,-0.509422053
5.937018622,-0.339294385
3.703247255,-0.532587339
1.532011194,0.999247951
2.387047044,0.684957678
0.422070274,0.409649922
0.869862712,0.764240403
4.946556987,-0.972707728
0.018179182,0.01817818
1.868964321,0.95587628
5.434554543,-0.750376029
2.318874316,0.732997634
0.406119376,0.395047335
4.703101236,-0.999956869
0.215829756,0.214158007
2.028977009,0.896858697
0.939686591,0.807373216
0.061967045,0.061927395
3.403561736,-0.258982954
5.299286428,-0.832662816
4.385176648,-0.946941991
4.442887801,-0.963903828
0.499910123,0.479346663
3.580753914,-0.425180465
5.633606695,-0.604850892
3.118560422,0.023030195
3.888450805,-0.679336544
5.324229307,-0.818592367
0.695432791,0.640717786
1.251239398,0.9493747
4.650598442,-0.998091572
0.580381892,0.548343335
3.668117008,-0.502531483
1.794817347,0.975012056
5.222392673,-0.872742705
6.111210466,-0.171128392
5.006322626,-0.95711163
2.367092317,0.699359018
2.343383715,0.716107097
0.007933993,0.00793391
3.88345778,-0.675664075
4.151078593,-0.846558324
2.337845376,0.719961802
2.67081025,0.453583713
3.410541263,-0.26571799
2.206810774,0.804469535
4.769696008,-0.998358402
1.210275278,0.935713145
3.317976851,-0.175471027
4.652866919,-0.998229085
0.781104069,0.704063888
5.778291088,-0.483714861
4.814931979,-0.994747072
4.447104457,-0.965017943
1.239562289,0.945641742
3.697923876,-0.52807424
2.326607503,0.727715414
0.710226183,0.652005283
2.367794757,0.698856762
5.19682496,-0.884937759
4.634771869,-0.996989304
0.675137523,0.625004676
2.075079269,0.875521167
5.374646368,-0.788606177
0.298338612,0.293932615
3.877510198,-0.671267536
2.741700433,0.389319069
4.699631131,-0.99991862
4.242122816,-0.891447714
4.670180362,-0.999109349
0.961928818,0.820296259
3.30112415,-0.15885567
1.653728465,0.996563101
6.217197471,-0.065939957
6.03476201,-0.245875966
0.515961543,0.493371445
1.700297053,0.991626493
0.374870493,0.366152019
1.955568897,0.926883822
3.124231927,0.017359854
1.746363355,0.984627656
6.02755678,-0.252853561
6.131328807,-0.151273528
4.541724573,-0.985472143
0.552449539,0.524773951
2.936677531,0.203484059
1.025205151,0.854820665
3.1549664,-0.013373348
2.303175857,0.743585458
3.837014847,-0.64070965
5.349923182,-0.803565881
0.628824013,0.588194121
2.492617875,0.604369926
2.509702917,0.590670664
3.82411551,-0.630752725
1.345060865,0.974629757
3.347839698,-0.204787934
3.921181779,-0.702987264
2.051745664,0.886556139
0.833785467,0.740480798
1.681394132,0.993890294
1.709949466,0.990333815
2.825718115,0.310647861
4.890541525,-0.984172763
1.976939679,0.918651294
1.523130954,0.998864221
4.462545133,-0.968951043
1.429568595,0.990043928
2.411602386,0.666862382
6.132660513,-0.149957013
2.707946591,0.42018217
2.40746789,0.669937621
1.549470932,0.999772622
2.276894359,0.760899531
0.595378415,0.560822098
5.821000101,-0.445905105
3.202860705,-0.061229728
1.236854043,0.944757526
1.647411856,0.997066466
6.076440269,-0.205275348
1.933252226,0.935028852
1.490921661,0.996811714
4.332483376,-0.928699645
5.513862827,-0.69564868
0.766864659,0.693880926
4.88975593,-0.984311676
0.607724253,0.571000667
2.667509484,0.456522924
2.662069005,0.461356602
0.785357823,0.707078255
4.226637145,-0.884324187
2.171416035,0.824985543
2.029207551,0.8967567
4.266365301,-0.902169542
0.028928211,0.028924177
1.532538979,0.999268277
5.105808892,-0.923603443
2.918621957,0.221127752
1.907248468,0.943931895
5.619226253,-0.616239661
0.490470577,0.471041041
0.720710028,0.659918309
4.197736861,-0.870464013
5.517013544,-0.693381812
3.530374302,-0.379061269
5.288382163,-0.838651761
0.145676086,0.145161387
2.442912122,0.643207942
4.160708808,-0.851645114
2.645487833,0.476003569
5.3584819,-0.798442228
4.54114273,-0.985373158
2.625397823,0.49357435
5.349131607,-0.804036788
1.054301889,0.869555688
0.08979708,0.089676449
5.796569788,-0.46763696
4.922044092,-0.978102752
2.735783639,0.394762199
4.029758039,-0.775915712
2.123120093,0.851307619
0.232908772,0.230808729
4.822688394,-0.993923184
3.279196744,-0.137170248
5.955803728,-0.321564784
4.762944527,-0.998722341
3.037532393,0.103872559
3.907736246,-0.693361513
5.062921971,-0.939189818
